file_hash,file_size,entropy,strings_count,lib_crypto,lib_ssl,is_stripped,num_sections,num_segments,label
79e8c19ce722bdaf887146aa6c1176e6,2584680,7.696842760471451,315,1,1,1,5,3,1
df1376e5dd221d7a082adaed9f6be554,1998119,6.998771793860239,5,1,0,1,26,6,1
21b5a2405fcda908904a0cc091b5f43b,1671537,8.0,64,0,1,1,23,4,1
8250dca2810962bf74b71d850ea54ce9,557565,5.120992395619732,250,0,0,0,28,8,0
1ef6612ff44ab7c8581ffacffced09d1,376589,5.833888529648747,1076,0,1,0,21,6,0
6854433f187b6618cf99de673a0fd87c,383489,5.551461913453524,1292,0,0,0,24,8,0
32a4ed95569fe47de2552aa445aa3554,585046,6.0900418184224545,2915,0,0,0,26,5,0
64a3bbd217ced3b57ac950edd00e8919,473371,4.087292914839206,94,0,1,1,6,6,1
209a915e90b20f98fdb2c98c4f417d38,684566,6.774886305132044,723,0,1,0,26,8,0
e15e136ceadcdcd4b006abd8c5bca350,636753,5.238861445924639,1153,0,0,1,35,10,0
2b6b8fa4446bff4de46f7374f5564d0e,521769,5.612866513310623,823,0,1,1,35,9,0
feead8f3d6503302e1481d5673d33b10,684792,4.816581136897905,1062,0,0,0,33,7,0
bd8db4d221625af7303ef5d0d6184a78,401973,6.5227777339699555,88,1,1,1,29,3,1
fe28926d27e92f945de697b41f6a0603,1344591,6.623995331381239,362,0,0,0,31,9,0
74d1cc2d5c77595c0d4ad361dd05ac0e,1674076,7.913471005804412,46,1,1,1,25,6,1
e12b6bfedbc62d3b3fa98da783d94207,517924,7.021022750159866,948,0,0,0,37,9,0
f70bfd9a61724ed4828577792035b605,4699773,7.387562798836794,375,0,0,1,5,6,1
64f7c97d1bec91c2abac0b0093211ba3,2639685,7.28504696402067,35,1,0,1,3,7,1
a30a1fec411645325f9d61345f2a30ef,219883,4.632107522060353,1435,1,0,1,32,9,0
edd22140c3799e7b3f790f224247ba0a,440834,4.734977405560365,572,0,0,0,33,3,0
ad14fc95e5203ea0839dc82a32424572,490503,6.658128424363159,6,1,0,0,25,4,1
dcdb07d1d35d68be5b8552d5e2836641,655827,6.418595159365235,241,1,0,1,26,5,1
b8e67d3c1654a9222dd281171d12c360,4098531,7.946857068806032,619,0,0,0,24,6,0
9bd5aa645c7c1ff63463a0db4acf1d73,677533,5.807701845987456,935,0,0,1,33,5,0
7ebf43492c7a4f9777c9e0db575a129e,92906,5.751509044444993,183,1,1,1,3,4,1
0f5ab2ed03e5c4fee4ed8ba2df2e893c,624691,6.694887192170392,241,0,0,0,39,7,0
9a54b954210e1feec9faf83616f894ec,258218,5.8899341310419695,1499,0,0,0,26,7,0
f62a3f55d185dc4de5fa085770cd06c5,1553275,7.396117914233514,19,0,1,1,25,6,1
eefd99c19aa26c37ae730e6e75631066,640814,6.425270924500197,1015,0,0,0,36,7,0
539606b38dfd0cb470de7a3088bd7ffb,976416,7.6947306420443615,295,1,1,1,5,6,1
a6b5299e77db2c6387f28b877679a1b2,871893,7.563160047119372,600,0,0,0,33,8,0
b4dced39c0dd0d63c71ca21767c50da8,712523,6.816031060849552,644,0,0,0,24,6,0
b3cb75209464b98a1a89e26527441e1f,3020924,7.52382995021683,179,1,1,0,4,4,1
0b0f3189f803b25a5dea8efc47cc32ca,395690,4.33986325727015,484,1,0,1,24,7,0
4042cf9d07e255b1437c537489b74961,5166560,6.630241291410288,135,0,1,0,27,4,1
2aeec632ada93df6f3e8738271adc42c,2242719,7.442847087653967,1107,0,0,1,31,7,0
30b99fa1865fedf69e5975920bff3c5b,2115872,7.720249068982308,115,1,1,1,7,6,1
45e80ef701e255ab2c10eee47ae04022,2623741,8.0,331,1,0,1,7,4,1
e09420126362dc2cde77d4e9a37dd060,565736,7.557148977565663,669,1,0,1,29,8,0
537230a918da48c9f17c7ebe85276d08,774101,4.441774481700084,1680,0,0,1,28,9,0
dec2b5eb348ab7848b49b501ea46a257,174530,6.727590630088427,2936,0,0,1,30,7,0
a4a32f177789ee82794bf54f126ff453,706483,4.74138346971414,753,0,0,1,23,10,0
05c0083bf2c3f2d1ee8a6e50c47d1890,562181,4.9230127823545065,488,0,1,1,31,5,0
c532aea48d7ae19508e11c0cb1e25ada,537568,4.749630207992738,22,0,1,1,25,5,1
1031de2034c34ab65eb706f2f864ce76,621765,5.241018606112914,444,0,0,1,30,6,0
b705e4f56628209d3e26f3ba6c771816,148493,4.869764954561578,1879,0,0,0,24,7,0
6ef8de9f157b6bbaea1f488ce3765720,1639597,8.0,26,1,1,1,31,6,1
88d0ea4a038ad3c12f69f389f72a25be,154751,6.234915715162315,1638,0,0,0,27,9,0
ae51f05e6ebbb36f81c936ba68343879,2858729,7.888341145140081,24,1,0,1,31,5,1
25c7f6b554ea1bf5a25db1f053704fb9,128846,6.4429803217429935,663,0,0,0,29,11,0
7c7d277203a8e5c439f73dcd618d3959,220390,6.224980560460794,1232,0,0,1,25,12,0
73096046b27433114ffaeea60be7d9ca,667303,6.040309449119168,1453,0,0,1,33,4,0
f3fd9196af25e2433a388772f3a58f53,455810,5.695974018526293,1468,0,0,0,27,9,0
b1b60f31ebe69479f31a9a138f693034,603532,5.233468973765141,431,0,0,0,28,7,0
b5b8375a13cd93da61181712114bc88e,295984,5.41367491568016,380,0,0,0,38,9,0
c2f7e36ffa36e4bf54add9328e251f43,2088049,6.754087530441808,6,1,0,1,31,6,1
05098b4cc9714fdd0e85b73ecc63e18d,409998,5.504549570882169,2702,0,1,0,29,3,0
f18f26d97573e2e32d8135bb45f10d2a,2198631,7.765668286190555,3,1,1,1,24,3,1
74d8388dcfcf0f1d8ec5853b711f5a10,441407,6.099525944729859,135,0,0,0,38,6,0
a96085276f324cb815962c219a3609a2,1250088,8.0,59,1,0,1,31,5,1
a214bf133aea27b473b0b753a214180e,1033515,7.403455336299129,20,1,0,1,32,4,1
372c9c81d90df92ee672f31a587a47ca,2610841,7.613638236138297,25,1,1,1,30,4,1
a20716218cbb694ccf2753f5bdc298ab,4186343,7.777331331210902,259,1,1,1,4,3,1
1fb7536b1ac954b948a4b9d91a564395,588372,3.7278817310698136,614,0,0,0,28,7,0
713b1b931d4cc8ec1daf2dbc017d41cd,619930,5.730476586934007,60,1,1,0,25,4,1
547879b5b71e54cd08233b12bd0ea0a3,4138714,7.386276161284728,63,1,1,1,7,6,1
845ccaad4b6bb8dcebcc5c6f0f858bd0,470226,5.347811346631632,116,0,0,1,24,9,0
9c0fa468c5b0e1c35e4190d3d642ec0c,932078,7.962161287559692,65,1,1,1,25,6,1
8c89e1b8cd650a9f7e6e630319fc6e37,991844,7.476217996274527,151,1,1,1,6,3,1
105620f4b43ca946fae13b5be335275f,4249229,7.1733355885331935,5,0,0,1,31,4,1
ea8607e4669777a6af9d441fa54862b9,2422579,6.997984123736575,77,1,1,1,3,4,1
a3077ff65b8c6bd6e25d64a8e74e4e2c,135810,4.667925228074717,1651,0,1,0,31,12,0
66e75186af2e5a28fc77749a2f1d1fb7,1449054,8.0,165,1,1,1,25,5,1
733d48533a4feffebc018c16795217a4,4487958,7.009921910869888,2508,1,0,0,33,7,0
47c6be6b9b2446cc6f6f9110497a72ab,3352234,7.925290057103763,206,1,0,1,4,4,1
ac4533385ecbf6b3657671fa170ee9ab,2722628,7.262181949849093,39,1,1,1,5,3,1
132302c0b4c1c92080f599359ee5fc19,2274799,7.523546236526453,75,1,0,1,30,6,1
d624ec49239a040dfe6c04f58a040381,351046,5.223629559148302,1035,0,0,1,25,11,0
562a69a397eedd4ee1b4180ae8a43d6d,2726983,7.445395794989604,14,1,0,1,27,5,1
e840154967b6f2bde5423939a3f21249,4126219,6.91841973859209,45,1,1,0,28,6,1
aa083b0cea3f8e2c7808fe8fc06c8be7,1375163,7.770781823343427,72,0,1,1,30,3,1
bd181cd3c921f14d04692a7a5144f012,3169278,7.8789162082735364,2,1,1,1,32,7,1
7e2de34c6ca0e835e7ca8ed034802fd2,774698,7.606957752517905,1188,0,0,0,31,6,0
3081094199689575626ed14487c98e88,101892,6.449993744590149,1008,1,0,0,30,8,0
c8fa206ec971bd1486f3b00dac1f4aa6,390891,4.613670028931804,517,0,0,1,19,7,0
25344b935276a750b2444b816dfbf142,4418689,7.743791911122735,122,1,1,1,30,4,1
6bcb18c2b59e85814b05730208d747c6,806179,6.4642691547022215,1149,1,1,0,29,8,0
a81e5e708f2d6d00c66ffda810d030c5,691930,4.277120384494487,847,0,1,1,20,10,0
2adc11e643d94357713189e6e6cfb6cb,541648,5.563235887773296,895,1,0,0,24,4,0
d9de7c589c115d21b5dfbe7b36b3d75a,1629991,7.6702512860809495,12,1,1,1,26,5,1
9409d5e4f58ac9c66c4ee4b270d64cfb,2990472,7.953468110998347,14,1,1,1,6,5,1
b8aded4315b6717c659bc8255458e8ca,4731002,8.0,4,1,1,0,26,6,1
9f7f1cc46006a5ec302c9c65e3009f31,3237833,7.624265966199139,235,0,1,1,23,6,1
8adbd5fe6a935d74844988a644670b44,2131757,7.347376352692754,73,1,1,1,25,6,1
bdf19e5b806bf9236b9756ea99c78aff,438778,5.418785621112343,241,1,1,1,20,7,0
a1bfd43c1e5e56350a1ec94cdffbfa06,829867,7.475023851510369,118,1,0,1,30,5,1
ae2f2234d4de14f8124da66c786380af,2894678,7.897824637175769,155,1,1,1,5,4,1
de83a98505dbcbc72f59ec59e1c2bd35,1371642,7.565388777384876,495,0,0,1,35,9,0
3300f08d46a767dd81b7d4287e4ec2c5,3663992,8.0,112,0,1,1,25,3,1
11f31379479dcbeac20e40039438406d,2730369,8.0,0,1,0,1,4,5,1
