file_hash,label,vexir_0,vexir_1,vexir_2,vexir_3,vexir_4,vexir_5,vexir_6,vexir_7,vexir_8,vexir_9,vexir_10,vexir_11,vexir_12,vexir_13,vexir_14,vexir_15
d7a0453822a445c250b21101ab90d4dac72e176bbe1c6e7dbdbb0694d1db50d0,1,-3.5796379011477453,4.176135670224276,0.8308748117125871,1.4075451238133831,-0.32390911351790497,-0.012310458351553442,1.6868357177301725,-1.542977126363282,1.6543144836733301,-0.9729767006236483,0.5944089293264234,-5.640681740610949,2.9925729459721464,-3.093221255698132,-1.2947254713318925,5.464692085131366
b02c33fe254975bb5829dca0b953a65ff295384063f0072ec27f0e22651eb332,1,0.25854017329330636,2.2841269915205835,5.971847795675663,-1.4921327481623008,-1.2584088073743835,2.090082429691461,1.8870974361026824,-2.339873384153227,-0.22945695474658945,-1.1683394126499596,3.315362923534442,-1.817091955346537,3.974419947680331,-0.720914621596274,-1.761280111384928,0.6684337955066024
f20d16951c4de51e9b687e086314910db2e13bbf5b8d113c580ad73bf23d6878,1,0.17258660267067283,-1.3410235211927433,-4.901234056768063,0.006420698708889949,0.09224787317822569,1.2787143900058824,3.2037029918419484,2.3098877830781035,-2.0610028746817513,-0.46015793870067206,2.757402895713987,-0.95856254110866,-2.654558531885356,-2.6173396917959897,-1.7680012572153285,-3.1306145541572925
249ebffe7b3a5e15638c95627316e43aa24d4f09b04d520a3d25c103e5168f82,1,-0.13145929367295164,1.2996684799218394,1.4585673110924466,-2.824428584662507,-1.9672836928409942,0.42403932207001005,-2.2868142412723658,-0.38651491324865456,-1.5834011487363193,-0.1635062309277592,1.8224071526647594,3.155868937441211,4.811963321753676,2.0583604498945274,1.4506728767139132,1.4127743611044423
2e4ea96a8fe1da2bdcf8d33b6f047f52da528f06a7c5607fbf2556f875ae5920,1,-2.742128736010579,0.630863083852324,-0.5618734921049104,-4.601550914320988,-1.4591954486494565,-2.577689010730418,-0.045522763453661685,0.8709765486849799,2.8262955172762263,-0.07565824443718094,0.8692353363989805,2.51789366960643,-0.2910134475892612,0.26980429925783134,0.08555459396974674,-4.281627067393793
96448a78292595053bef9466a320adfedf023012c0e97bf58784c9788b8216da,1,2.288036425055923,-1.934066640317555,-0.6829254382930936,0.011618443711425723,0.5867086910013756,0.5656911494683458,1.3879994224055159,3.6860651852773816,0.4742049668955107,1.3195175329586315,0.8075642121269591,-4.963894950221788,-0.5949525693543867,0.41326188284527837,2.517066741394856,-0.9114597519827026
23bf879effb670573dc4e0ce3f5b3240c2304d63cdfe6e5bfefbdace495842c0,1,0.7885849309034232,6.632021058642781,-0.561852366823801,-2.2722439162879446,-2.534628252661687,-0.47391119639243595,1.575105777501254,-0.7154205431640805,3.0612308001650295,2.34222769857195,1.6027897622455995,-4.100422596144763,-0.07008661656608628,0.5374051621622142,2.2784708424867883,-1.7198128665699217
041f1d16a2b247c99d391daf00570ab9b389d3df0b1a1b41221cb7d369206c52,1,1.5724007726650153,-1.3954026673059685,1.714152399918736,0.9695272486197644,2.5533377295479545,-3.1167718114029497,-3.7853244661909065,-3.621245700469003,-2.993601705489001,-1.9786599008802324,-3.263167602088836,-1.119595314785077,0.5353498284954947,-0.19394729413551176,1.5832883221340768,2.625245364008474
d4feb844059de8fa0a7cab031b57fd4eb68f3384eb326ff947520f487992baa0,1,0.08218536994171155,-0.11890772504152028,-1.3776367183710336,-0.800550452301092,-1.0022248360238022,-0.5157817439634794,-3.260456577431266,5.777341726794958,-1.9655112004095634,-3.958681868452083,1.3718097367624538,1.3631982039643367,-2.3653057840658276,2.3685575936912855,-2.711975411765531,-0.8038159044022061
6f06fa082e6f50d84cc645f4c7197f0642b250d970ea798928e4ee3ec82452dc,1,-2.4064751199760828,0.9553965892332639,5.346076608980169,1.755361934064256,2.6897852935211786,-1.2332873699215205,0.07321257199167684,-4.618737133451297,0.3045441575292851,-0.598047274281602,-2.235973175402019,-2.61161496460765,0.5748570003525919,-0.3165430545170724,1.1253470192933688,3.8341178981968147
5bed181f64afa9790a28f29773b9c0bf3c030c8b999723635b0c31849ba6c855,1,-0.2150188486409984,-3.5912683589856504,-1.7178913975490988,2.6503799342881855,0.43658197030599677,-3.8086852598505434,-1.2149413307753927,4.810125146320358,0.048098337934576824,0.4855092484923881,3.1393969397310526,1.1723670723000768,-1.081357670411337,0.8228484999716734,0.4692891907697341,2.598400475129194
2e698dd936e6312e55823d5dcfc335123feca659cbec05dce4475e9cc11238a7,1,0.8667599557086395,4.488114752073167,1.311070292033787,-0.03544489289621611,-0.6180510880042072,2.789905527386594,2.079905431958933,-0.967515190634133,1.1669787265308633,-3.5037517557082642,4.813386742676303,-0.5628747115384645,-1.0863798226735022,-0.1256444309638586,-5.609383367400786,-2.0793043050579874
57756cb0b46a8b6405b1195b303f6c9cd86c50c49c79a78de337b02430390a2c,1,-1.6477563147855272,-1.385700040322794,-0.7926102976185594,-3.5469178378527237,-6.090430600661646,-0.7323790738321682,-1.793583876208523,1.519611118851817,-0.347627954376713,-0.8929648247196065,1.6407978355858202,2.255683023647946,-3.31627722058237,-3.9952292623623085,-3.039060036089414,-3.9712354087172264
f466a65e30ac02db734c1475fe417710c96cb289217d4dbf608f1a3000ea6f5f,1,-0.635683210339594,-1.112250113378863,1.2407935814582722,-4.070164908577807,-3.4079513741658283,-3.4706835130733027,5.086054239087774,-0.28586358691963143,-2.279883904394715,2.4101327545761047,-0.48074490703807515,-0.3486039441509754,-0.31565685484753325,6.542830458739818,-0.46489518598827473,2.350475181187262
d5d10253e6d2b66117982758bfe39eec3e8f23396a011ea76f769ce27cc3cc53,1,-2.073807647401558,2.7798811794291822,-3.831329106748811,0.7974524891461676,4.7500262631880785,-1.2024245634116668,-1.556176501208054,0.1761758727782159,1.3309319016352448,-0.10398951006981896,-1.8328000680945264,-1.9033744219030042,0.5225132561591017,-0.8846115911293504,6.5145597324166244,-2.4652231659273136
4a4065e3a0c06d9dcb2943ab1ba67c9f8894936c6aa34add255f7d30250a7118,1,2.270220898509397,1.6133593484847941,3.688306085841563,-8.249875612096082,6.985196926678028,-1.247216661682158,1.4250274671543488,1.6814965142630618,-5.279654865118443,-0.38345523274138515,1.3035892193422898,-3.3421536865219803,-0.21308423393893483,4.266135452466635,2.5624820377705713,-0.14213858129332713
d525f9625222e5f86aed156c48cdeb3f1fd01749ff9192df3938e364c7247350,1,-0.40382939407426544,3.0007661095795224,1.3316741044895448,-1.8063275996706978,-0.321438209422225,-1.4041521143346996,-0.5086702465089943,-1.3629454638326262,-2.6251892521242643,0.4665367742383044,1.700674728387029,-1.6861865115930115,-2.492709560867667,-2.263455722491527,-0.3560611342825349,-3.769457957966649
ee566beca98845d526fde577f29ad36582ed1ff47dcc437cdf29f9afb19c0383,1,2.1083039740188827,0.9805597946117298,-0.20562857345651042,-1.7400475663016428,2.6932770931904213,-1.255708660535792,-5.423296847550829,-2.751788042923974,-2.436367853009201,0.6822736554237364,1.7918296339211144,0.9557718058020372,-0.0674180515178453,-1.1983141667433848,-0.7260169894621806,1.446313728858881
79b8f959e61e758a830fc930be53e9f4db333360e3bba6a710616bf17f26b4f7,1,-0.649316099418892,1.4668950414739947,6.708247280244745,-4.509692062414348,-1.6346442153077896,-0.48662552210848453,-2.027732678013426,0.8092556445750135,-0.6382333955132333,-0.17047821841219882,1.2516664225270397,-3.6308250967970572,-1.5580784883127567,-0.31106624755138584,4.294981519059277,1.6490406304783254
16a0ea0910b90dd1eb76ff05d1e6851d21105de821f2246b64a5d8733cc4b81e,1,0.11440321230885055,-0.7581234019351184,0.59974402520321,-2.0717762760289307,1.9281818710761973,-2.2265507074114725,0.5136762177042059,-1.4553374232578806,2.6181802741568196,5.458590117257804,-0.0010569445929825144,-2.856134279720721,1.5585973974825649,2.101504362872495,0.16812409560126004,4.614781173473794
3a748ea392a6dc4bcc11763535138597d92da2d60b908afa6df44a890665161d,1,-2.039819512938561,-2.7608528538366914,-2.3010409852553986,0.09999857177230649,1.1327975165905828,3.576469315546973,-3.9892708111789377,2.9200493509320875,3.403824707400765,-0.871263717393175,4.90908826706164,1.7409227494851138,-2.8244363625388638,-1.5557312564881256,0.5236775440344666,1.862743554195246
fdca82c96af8eee9feb3414eae2321ff2d1e6e6d26a2de6a99953befc3079a46,1,2.8640173765560117,4.829412046982038,2.809740043658811,0.5267584900580551,-2.3151276090435826,1.5108543043172886,0.5992460769285539,0.9355492229072915,1.9100369996600555,-2.0039120834351545,-1.0228588252976338,-1.6248044455991153,1.0741948747562846,-1.2085007308721825,-5.276509483587895,3.629901254004185
782538630a2b980bcdac841b3282490e68dc9723809f4c555d5c29a0f0da30ca,1,-1.3881564677587666,-1.1625864809663462,0.5170193872997609,-1.8097025431598857,2.3269887529661575,1.704657412472994,2.425898174444914,-3.7294350766584197,-0.09184698975132116,1.2346178286851786,-1.142351875014909,1.4018836179634877,-2.7303478533317485,0.5544883318645439,1.6453401161023968,-0.2784728309373981
d39eca93093beb05cf8f78f90594b9e85eb4fec93ad63dfa35cf3b857fa65d02,1,-1.2799825240335134,4.930092031280316,-0.14665341891087097,5.778722140862523,-0.7753733591952401,-2.0316430335487716,0.5281293763961294,-2.270288048050626,0.1099925958940684,1.6262618390938735,-2.649893715599039,0.12476244389139662,-3.1328319104822198,2.949127540693219,1.5651954076798051,3.980183682708811
56ac25423cfdb1116b4772fadd158fb4079efb8347f68d356020ac1a63a6d9c1,1,-0.5520972414247388,-0.7853771070370501,1.9896329197940257,0.9979000400504334,-3.5785279818439832,-3.6314844983438417,3.0914037946416246,-1.1654693643507343,-4.227897498236118,2.9387081183286536,-2.4381840096419323,0.568517507795648,0.7453168294258969,-1.4020711524327232,2.623571710598519,-2.4249138853112044
ae0cb143d35ff0ed2d28bc073546cba64d868717b693ad0b8f30d93bfb9f691c,1,-0.5607184357554974,0.43010955617447166,4.292108398367914,1.2160358817877641,-2.2909025631564597,4.6585455117014405,0.7501878562055588,2.17549598175611,-0.15902645993436215,-0.15261332285610685,-0.6611910707598339,4.237066525510949,-1.085413776668981,2.5371524154970357,-0.9718843698342046,0.8509419370659377
c48deb66da2a1c866b68b0aca9ef5f9d1ec05cb4992705dfb9466417ac1ea438,1,0.9794344311210019,0.9769585638796825,-3.920668655500596,-3.318307710510095,-1.9419656327836303,-0.43614123614368683,-1.389167102577185,-1.506753563306372,0.6321539638468374,0.2050469648452884,2.8746377678203707,2.355160484389646,1.5775673010298534,5.347306203564118,1.9678811533184755,0.17926480750933593
8240aec343b44a44ddcd1c2b2476c80a07ebad64f95f59a3fac27aca58661160,1,3.9945187297164804,2.387454563684973,-2.8115373884330297,-0.6108643013846019,-0.6500016970156511,0.38626326493503016,-0.8595132700255056,-2.245051722144314,-3.173487301104177,-0.40588318465566803,1.2546481529533267,2.948917694113032,0.4011446891187583,1.1139875032964204,4.7716025128642,-2.006770808627804
932dbbcf4c965c27d49178d63338370bed4782aca2c9f35520a8e2739254505f,1,2.1136263867499543,4.100130389449533,-1.5436134477644046,0.07722609847071724,0.9788884658525996,1.3525189503483577,-2.1587228830818783,-0.9288130879864215,-0.2877304478600783,1.8143609455561494,4.675002752077209,-1.5813854917876984,3.671887045403604,-2.025963296539784,1.7278286982057123,-2.3946543138431173
991016fc240a051593c50817be27d0cb6628b8efa2c9750d0336522b6434b736,1,-3.423407932613172,4.624054578874329,-6.010452609010616,0.8852593697659533,-2.7487483819729315,0.5004977215854418,1.22625245613423,-1.381333182041181,0.7002677469318744,-2.9167259363255202,-0.8841248875298358,0.9474059314011685,-0.9333902750881551,1.4245752162382572,0.5904202649502882,-1.378321582208212
3e7ea5c39fb573df813b3d7db10d840647cfede8cb6df14390d574e90d25d982,1,1.7817555747804315,-2.862183190484667,-1.2903807818174933,1.0352081149191015,4.285050444202475,2.7857212669981704,3.88487922334972,-2.7900919352106133,0.03950719477427028,1.0711314207742695,-3.6138215338410284,3.6159753473882006,-2.1179116923895696,0.4263985746944499,-4.766001787696787,-2.281084415152916
e9e45c548e3203e45ef89e1fc6f88c81507fa31cb71cecc413f39f9ec7168482,1,-0.5006368439026413,1.3988820436815668,2.897065718647912,-0.8756970338605655,-1.720864888795692,-1.0040390342575407,0.8794051689440521,-1.3099946381594356,1.877624542222523,-0.08994348975797839,-6.410739685424,1.8697453730850881,5.19232040099749,-1.871017287213545,-2.7376906908196244,1.983868205335484
d20e704165d278ec151a090819d815ef9f2ff3b65e4f9c648be786189d78f055,1,2.041824758886377,1.1468830752510968,-2.037693670119661,-0.4783690283684443,1.1288185848954901,1.8727637584844372,2.565250980204218,-2.8912975646673638,2.113050300339096,-1.6731703927293686,0.6490415013179804,-3.1459038768549243,2.897927500234103,0.541836450565515,0.6875228881767019,0.18048331388287192
9b48c5e1701ca74fa85417ca83e25d10305c8daee1d91087f7b70459bae08433,1,-2.3961755110779994,-1.8448701953874473,3.3522771092549264,0.7076740319013194,-0.5929893736202207,-1.5830925091105823,2.9106023393479967,-2.085465346198022,-0.20723835924142536,0.8675972237961972,1.3855152891902678,4.833565594254964,3.3522806334735753,-0.2259356966285726,-1.096360296229825,-0.24554104505719243
61a5d89cb79a97aa21fd5dafc4662120a15b3dc9dab3206d07a6bbb76078a2e3,1,-0.5834688229872137,1.4459483037341776,1.5838720489916307,0.29387449381419173,2.016259772072226,1.1213033713509668,-3.80633979082793,-0.08819019051063823,-4.017659558053453,3.9653340990096306,3.243080144022632,-0.1487115892438875,-0.5536086371625637,2.2035002485524675,-2.201969900287667,-1.1842478614450105
e0220d07a97da0495ea5bacb2a9040bec9fee48944bb7a40f3f69460ab1005c8,1,4.980162943861436,0.16843273647770235,-5.977078783117827,0.06563092250671498,-4.396048532857023,2.9556662166422347,-1.2494470355002678,3.268769230511253,0.33307966742868894,-2.9545726670162287,2.6576611162652872,-0.07992314348421015,1.4080190425228762,0.713019742463554,0.7574788753503079,-2.010146110043067
dfded1407ed5ff5f7626a04e761131089fed9680348725a173f3c91e7b3aadb4,1,-2.2103190152912853,1.0590820487921857,-0.0739812824893906,3.1937295785538344,-2.0337984970967917,2.0631265904908713,-1.864039163375407,-0.877705695757858,-1.41137378665069,0.7893498568102537,-1.7748965664997718,-2.076780400076224,-2.1441029600704296,-0.5240469461023234,-4.995821624311019,0.6166779194259797
7868d1b9ea96f0d78b1f9745d68a73878f7973eb356e8f82cc280566aa26d7db,1,0.09241653181204251,0.49391586047161506,-0.7027544038027878,-5.259959877227228,0.3208579329295098,1.0596122219529958,5.5348074908791975,2.7468068451448326,0.6639062798472757,-2.7341102864428417,2.6800978091678416,-1.0469515223244008,-0.46727936684986815,-1.3693903233322204,2.694346335992434,-0.011901342102529258
de91c2723610692bd0f4e5b615f67b734a3a1a42f1729cc7a18417abad852a98,1,2.478686698545025,4.303620161003643,0.7676227780587702,0.7176718843928787,1.5940894653738542,2.057397797611666,0.07803289077177333,0.13817495505548694,0.21250541654910726,0.7331639436023825,-2.752848442519806,0.21999328858208422,2.8814337352433452,0.12030167540173387,0.5845863794631846,4.167450972895903
7c0ccab90410644ae15fa42827dba262ac2706bd834e51f6f273ef1971916b3a,1,-2.6675825594362044,0.02728278909889781,2.831241164054881,1.3134645630229942,-0.26456062221150844,-0.7046608556433693,-3.625099766497516,-3.0778769643146644,1.502333985801842,-1.6591393462825808,-1.7374336312524676,-0.12531436723664524,-3.875858754575697,6.5883743054280295,-0.5785445696218524,-4.377781417427559
f315dca0f7de73612c1b53e84bcfeda61a7061333ed933bd3ea6dad0b56cd8a6,1,1.1996926587169008,4.4216315516604014,1.1796996459027378,-1.9340816547291437,-1.5413957956492301,1.1049205494968737,1.2025462169110481,2.9805785553307014,-1.7140661749369468,0.35431221559177106,2.15760476995143,-1.0697716903727568,-0.477364804974924,-1.0919142278498954,0.028343556419694993,-1.0296704562289143
d21cce55ebe09a00d507f7d99033b7bca6c262f01fec2902f1c28a48d90caf74,1,-1.5306949373935672,1.298706722148229,-4.717618936331075,-2.602991853566732,-0.7898077644975613,0.2374913047161612,-3.7920724287367835,-2.6105449252970754,-0.9753017857676629,-2.6998362818556645,-3.5963592055196165,3.16753120550685,-1.828096771797155,0.3732718928290826,-1.905272433075473,0.7594163920922047
63cf9b7a2db7d89f0d8453addc96970382a91f6a796e386062976e9c845efdaf,1,-0.310540901637558,-2.3381791916999166,3.075588916406075,1.6329506028294145,2.057364143300657,-0.8307229402038943,3.5883563039657513,0.7537081685825974,3.561654788110993,0.2436618470203804,0.9806977542370566,-0.15369001705845037,6.031424541845575,-2.16515603909829,1.9786187938409383,-1.102119622937039
41fe533df4fa1b69525106d078607b97e52bdcb796567439238e06863e42bc86,1,0.8160204356335363,3.1816567993117504,1.4144842921070422,-0.45022706551273206,-1.8921715981073481,0.174534468263194,-1.3795565439242439,-5.576746025043285,1.7276570579414179,2.1446531680551866,0.8765534474494938,-2.0676297662599534,4.089699436040921,-1.3361173595842801,-1.137348954488707,2.245029952496816
188a46010a71aafa203f2638af480193ad68c8a16ecd1ddf675667434310d01e,1,1.2301718472464835,2.6642709119828276,-4.196643976268915,-0.5396887740412957,-2.6989845188722397,-0.36265823507361333,-0.42443419544537697,-0.6565010174420791,-4.144295964364555,4.354046245355571,-3.9125821553269495,-0.890889137367908,0.9353704523847355,2.717151128278121,-1.9599245848467757,-2.747279373546068
9c710adf7edf079cdf22fbb8b983f6283daddbc2db0fe1b36c632f9b6da9a4c9,1,-1.0512992355555588,-2.145587455728117,-4.07181153937098,3.375671648718479,-1.1299637473385507,-0.043146126022849285,-2.9694557177322736,-1.8865682869525866,-0.07293506721104165,1.6771642247959004,-2.139210969842124,1.7046458433480418,1.8239042463319066,3.712714108236886,3.0221283188365597,1.9544110820885887
1344231199058368ffb4afbdabd50c996899c550afe557e801ff000b7e81cc79,1,3.1216898967926006,3.0663590385186907,-0.32514581139499965,3.286258647230232,0.5208025781795307,3.9095545665107334,2.2256169608847,-4.081287246601818,2.6254443900603914,-4.810868437966003,-0.7184028755328811,-0.9596690339877105,-1.052934862316163,-1.6281252037682368,3.561780796371882,-3.3634833329205973
3b408c59a3a5658f69474b4ffde0cd9cf043078d0f04fa45880e48049767d7f9,1,-2.9955158435196605,1.5652406286650538,-2.011694046585492,0.31351191728119787,-1.3889537667944731,-1.6842920836645696,-0.23935981749063887,-2.2603051378768404,-4.602324667390154,0.7403258635225425,0.26299037557638005,1.8539588691465432,-2.629408719148043,-0.3201489874584864,-3.5447195270769223,5.213548079642859
42634c95eaf4df6544f3119ba96efb9e65801d8d37bdc2e321b282d4d264861e,1,-0.4143603922143738,-0.051491134293848106,3.3940615006733257,-1.9444499424502817,3.4503041416874045,-2.4960706298250286,1.5919449797181318,-2.865081002100243,-3.313206043821095,-2.600400818855212,-4.03738987802742,-0.1520977331715148,0.4740963213589715,-3.1025234958358485,1.2200102693111852,0.8863508836259604
03b82ba84ff15b4469e270e8c7335d6a0f0c8a91b2b22a6a18993d8a24ca3701,1,2.777910138627952,0.010960747409349936,-0.9523191649940969,-0.07368114371387269,1.4021111156613297,-1.6732023243009289,-0.7990050431195113,-1.8263884765323448,3.371750332624945,-1.9267902970602475,1.9812752976056156,-1.1584044947168144,1.9147969029693752,-2.31036835403583,0.7851931162893898,1.4650598595727131
303f732947f1b3e417e8467259c3715adfbfb4f4646baab46627fb193a22da4b,0,1.7002022666937213,-1.8201470196509266,-0.9317501077125535,3.0120945027835297,-0.7788228178975701,5.395173553434352,-0.9964388550944306,-3.1252234896288895,-2.079198439282392,-3.3049361915581543,-1.8465373414061315,-0.08368168161869116,-2.7649319149722005,-5.123754114420205,1.5048432309220543,-2.8071434056156668
d8598a27ff52475d2a0cc58c7720a537bd19e67c8e9d651c6efe699c41dd0f6f,0,-0.8996503370103969,1.0213929557412178,3.5520939112993712,-1.445869547029846,1.7213562238499578,4.467507290343035,-0.8738267817415573,1.068345213684751,-0.5616366873938325,0.08128752465456635,0.5380222080865497,-2.576355671272228,-3.803757055145096,2.7607736610380966,1.7062006496271858,-3.006424977808766
4e8521e8adeb7005536797f0add3f5c7cb97f95fe805bcf2bd42470b4501c9ba,0,0.7466921598912755,0.7558026854206619,0.504211200579693,-1.4226721799221695,5.891092673838489,-1.3347945783385,-0.6785810872931294,4.300438641262754,0.6845927556537768,-0.10056980009397877,-3.5655274219757565,-0.022921297686911674,1.4912525210921692,-2.715891188914039,-1.114844230516065,-1.871216940893885
b341a7af49bc4e8fbfccd6023f98083bda14aac54171b18359b7806857b79f55,0,4.604189175496481,-0.1427831436199768,-4.008412532274648,-4.826347063083651,-2.4297485108912547,1.2571899552532115,0.2598430513159996,2.489028138566757,-1.3582933477553167,2.5825256399105725,-1.2284001278142318,-2.3975787049590958,-1.6705615307009487,-2.6963846651187735,0.32905327227903663,2.919428801238902
042731dd9d47f5636a89ade94e13afca0a0ada58802a46f3c0f517272938334a,0,-0.19885990155514383,2.3836202079246,-0.004530885145469954,0.3525092557825808,-0.5657779122563316,1.171420747909194,-2.477533615964264,2.848582278354314,-5.24152623684197,0.14182196499998,-0.7204415480152565,0.2651879022075976,-2.3897314451967966,-0.923984796875211,-4.243288478415621,1.9782361826406378
7ad261c293707541044c79505e74a3c7b82ec31f321d20f0fd892bf46c3935a6,0,-1.4515422033021832,-2.60561829373717,2.268519050345275,3.3127324380057805,2.071433706790023,3.834806710331704,3.5387077261113986,-1.2755023932964615,-4.466323398069282,2.3552880597551216,-2.9194380029333544,0.7575565446709775,3.5787082602333142,4.998397995964478,-1.1291216138556415,-0.0036941790573603583
71513a9e22dcbb66b093de6ccda9d13a02c5eb2176c91bea4f2d121a44a48910,0,1.3570074462640132,-4.138411628810419,0.21910098904764774,0.27102125990200765,2.7154958030478995,-3.013667442960454,4.89426152133709,-2.7667364988885237,-1.3906156889865855,-0.31229849327116266,-4.623011960014225,3.4765859521848665,0.2887227328028102,-1.373621198517595,0.7023624553449082,2.3900644656205774
c18b3dc24dff4f3279910fc73cac8eb35f04d0a48807d92186de4a37fcf5cec1,0,-2.0047441471777963,-2.5805190856502462,0.6205590320509693,-1.0446927085808853,-0.19677197270083568,1.5093514251880873,1.575614366204146,-0.8944717885482424,0.995081913864112,-0.24662836307754388,5.305470289358063,1.6783884902349313,1.7205297489945268,2.284768212448461,4.0603493824012675,-0.3483090129693776
6c2ed91b8f53686dc6f4165b0fb19bf0df01b7612e2e2b2d9f7ad6313fba9a92,0,1.161306712706085,-0.9831480951891887,1.0309032016572468,-5.091708216557297,0.5965490551346243,5.051266356390131,2.9921102691993653,1.6964362740203272,-4.271133637131309,2.0291952701292377,4.123277184434022,3.3771513626296037,-0.14859372919196856,1.4973264289721615,1.064043540492153,1.5557454231568673
6fe62eef131f7febbab6ac63b752366aba7c95b8b67f634bd48f5459a89ce7cc,0,0.7527049021395843,-5.231097923981001,-0.9246557701855902,0.12665832599490656,-1.9523888553781679,5.324648557026872,0.27755818746413935,-2.3441088812516124,2.7071507910728143,-1.6674279165075536,-1.0317531344229658,1.3701869785573042,-3.29242271147161,-0.29842519740381673,0.9797934261448619,-1.6520737477664769
02f282f4aefe7e76b17cfc7798e7c8587997878da248112fbe33c9c7822b7b2b,0,-2.3140217163589916,4.104580855950125,3.817807848492177,-0.528085894782552,-0.7197244791326532,-5.7228544599706,2.8645949487816034,-1.109083743722746,-1.0980897782958985,0.635563379834192,2.2472148090594275,2.735885715727288,1.4201125724993542,2.197158158664851,-1.6378372255045224,2.6877605182215083
b5b364632083bafa59a083ef917e49967a791ad8c5ae3993794eda15ecb9f89f,0,2.1716388319263586,1.1494257875098712,0.8522247957733213,0.7584793000190423,3.0384455251870244,-0.22372089191475192,-0.4781881713608224,2.661165723863042,7.1035711749407575,1.0424435489651218,1.6420609262178023,0.5905192208081271,-1.8307064335455092,1.231339239794332,-0.0527257465008267,1.2658133390252138
c1d489845e3f6bf7dd9b0f397ed555d6cfbe9ddfff983af569c6904ec4269245,0,1.1647471432069092,0.5191570737115989,0.06072521498291501,0.16092880946819224,2.1353120420920493,1.2570794154403626,-2.8907437792351236,1.2087344922043368,1.8540590397174534,-3.9059006529721927,-4.251672295431336,-2.83402403235259,1.513717036692037,-1.056764454581203,4.594986808174212,0.6814881762240592
953dd0313901bb19d674df5ed69d8af1f2208e759b046afcf09b985130679ffb,0,-1.6893213926270998,-0.0021769996742965203,3.6850704224996167,-0.9248493271221644,0.8682181251366625,2.761002783091782,-0.5893680193344921,-2.720445378857435,0.6966919744389052,4.515731735974921,-5.729890966516022,3.2521446677403842,-2.4471285313455917,-1.9989451697795424,-1.7247324432211968,0.9749161645170453
290455025ad553b6adc456ca8fc6f54a66b2b7d6b827bdef106c06f9a371689e,0,-2.6693721896130076,0.4074590349853977,0.7067751383565354,3.733277055293409,2.840545486137395,-2.308848660582692,-3.0645790651731195,1.9783901180172465,0.9567417731761668,-10.69566630259971,-3.5682871212781673,1.98013880081267,-2.9578847123105922,-1.6385453269641292,-2.7294090952609706,-1.589086640025764
3e0525b0174d0a74aa067048e838ded64c6cc7dfcd980f4339120a34e1637c9b,0,-5.190641216182812,0.6800896734332245,0.812630218917741,-2.304018544959879,0.8809303874956085,-1.3665706221648009,-5.437457209527329,-5.323714265705124,2.739838453510898,-0.9282181727066088,0.04894801859865172,3.9534333653546114,-1.4644163952608338,-0.6800173320284226,3.4160533928164973,2.0971957122913176
235b2331ebc5b62c5f69846e3fab61dda3712ed7615e5f657adb480dc961b640,0,-2.7589801314235824,-0.6772275670038841,-0.08341739895812095,-0.417064604940822,-1.1088082742399157,2.073992297721478,-3.612045220184741,0.7718029250935016,1.1928738013011286,6.417351185264035,-1.7718067978796048,3.45030461049215,-1.0566038745491766,0.13243194519530965,-3.8193590127120793,3.138567672992
5ee52ebb3c6b0f376ecc258432cfa7cfa38132a145999dc02eb40383bf23a263,0,3.7332391972357057,1.0809527737653386,0.43568112618584764,4.670582582193462,5.290653668188062,1.1113521382160387,1.8076929455205208,-4.671775817840382,3.0359884493156755,-1.9151475991766493,-4.846272100646569,-3.190722032403186,-1.8260566257597712,-6.7509648066872,-0.12864137089729555,-3.625509982946914
8e7b7ed570b34aafa99aad21843ac62234f9b2efe3c5874cb13361d0ee53d4de,0,-1.7377830518301909,-3.4412104638575896,1.8293687754222168,3.3774430880408626,2.02688150473126,0.16012596073594149,-0.19597033563228222,-1.1041523329413012,-2.8044353301034888,2.770831365192805,-0.1544664999895023,3.5717914652468155,-2.479019940828607,-0.7466621471229581,-0.20783851490181443,-1.8615308703076276
78a388ec8750ce1d307967b2b9256da38f820f6ffde03751d9c0f57a32713c4d,0,-3.2417296549028864,-0.9032167810990417,2.0106720089055328,0.856936644360199,0.2900017888604874,-1.4322622264497693,-1.4938028327445443,-3.9927931906039276,0.2573076960681123,-2.8288770715536793,-0.678764116265876,-2.022732758461828,-1.9013426115211132,1.1260251325888833,-2.045361904954717,-1.0704297707886932
4fd9801c8e809e2abab7cd8c632c8dd709357cf75fb50ea0a2d944a264ba8417,0,-3.2994947752475685,4.645181733973903,1.0496813569029133,-1.5829610243863195,-2.3103369449885998,-3.6183527808827116,-3.240892076922745,2.319028707612268,2.886375075711656,-0.18755229945817875,-1.7464574792147973,4.496531167529114,-0.8983696469037661,0.6986031837484356,-0.9105737599703883,0.7478795905220071
34fda082876c31fdd277b1f49cf469da9431e4d0d30c30928851653c9010a3fa,0,1.3393431222574466,4.23123952887105,1.9202983182609565,5.215244521785899,-1.6241515464205585,-1.6815144106375293,2.481556553885197,2.0337040408893277,-0.914419843140589,-3.614727594169056,-2.985259092724944,1.2950543286286123,-0.30420778556288963,-4.270105982645995,-5.017651093698814,-6.195016664545595
f779bbfec90d43f4f872c9221726e6de2104fd42ed1d6caf686693ba61091cea,0,5.71289970528955,3.7858562446035906,2.2632383085969434,1.5428552224576073,0.7956330641193765,0.9248478108008436,3.8723226032719076,0.37844967393962914,-4.126720946016697,-4.83405255050937,-4.1016144557541985,2.01055736540338,-2.7033590405479124,2.006234735797879,1.3256289852818628,1.4830942695538762
3f8ac3c8bfda5b4ebfa5e7b5eccdf2ee9f4dd9a59f9a0544ad2562ef1d7dfb04,0,-0.543218324705931,-0.4088728731729021,3.7227033651689307,2.249915237532673,-0.8228867850463072,5.778999186377353,-0.7832956930978363,-1.9293381308923214,-4.326735510960616,0.22766438453289922,0.9872607001148281,-1.0991785981648374,2.1198902662602976,5.3320992073944495,-1.2777183915964767,0.9428422420017818
9f4fd1247e717081f6ba7ed008fcd2e4b952b16f82c2394900431ea738bacb5f,0,4.480890222799385,-2.6793627911661875,-1.1422285404293508,-3.8218220424166645,-0.380479877049857,0.7286435068748112,3.376965662951204,-2.312351614460468,-0.9527744198580149,2.049167620169165,0.7463161034989643,-0.06837712614928959,-2.413911716196556,-0.667022657157673,-2.1124196275295604,2.985676926190516
2f86d51db2f4394de0f4532e5ae274c540d1720d9e8500e32435d863031affee,0,-0.4815360271805949,0.05191232773053134,-3.194977124059243,2.3627590867474595,4.047382650808494,-0.17076006817892586,-2.3538537029294586,3.357778838559127,2.167474619994799,-1.6052190211511466,-1.5080951364414172,-2.999921823086116,-2.9246631713505304,-1.8756027186604345,-0.40736823503633424,-0.7512468374485697
5924876f8e7ec59834254d270ccf01476d04fdd8df2e0120848506e727d51377,0,-1.8896104574592667,-0.5511652502508362,-0.4191196688737916,-1.6173751535076524,-3.4822821425755643,-1.4056742119128385,-0.2606763711817145,4.28922697165259,0.19980444352512094,-0.26708793075164766,-1.016270468994394,3.1096710548059487,4.772765759454037,-4.656797401524743,-0.35273409472839745,-0.1198035126380057
4fadbadfb531a4692fe3eb8ded975eda7cf616fef4972a1d57f0668c931bf351,0,0.9119593149318072,-1.6915902905656126,2.453124926951581,-2.879105578105487,4.241691651483255,0.3783054215622803,-1.7295177068654048,3.3873281893250473,-0.4804347766846562,-0.7536178750726071,3.019400956665901,1.6047068746257387,-0.028490991115502906,-0.9360625372669911,2.3762058129006975,-2.2100264873839612
09755b7ec64cb684aac80356873a541c9d914f9923cf6a5b8191a95aacff4f4c,0,-0.5413185610184323,2.795907499129587,-0.8475373428769727,1.5670721566679457,1.5990963436262837,-0.7509320580834881,2.6447342449460702,-1.4753074729798883,-2.340754435909835,2.850709460891963,1.3074594630292486,-1.8135138490808136,0.5562108374245478,3.2119766231400826,0.5772753642629809,-2.917429700631576
3d7dbe04ce045e1f7f5d81e2cdc52f4b2becddc476802930df035976b82c42ae,0,-7.633182208659143,-3.1667012473993346,4.058766579219072,-2.5966064263722677,0.16422761524313145,5.450603235691837,0.68052906897,-0.9914338509599904,0.8528421389735832,1.8638027082594704,1.3803968097529973,3.921820147774249,2.810369462765898,0.864772555044276,6.13150636647819,0.24884818683737375
c1665c272f4ead8f0d86e631269c9bc9bbbb55ca01fd7faa894fce01c823722e,0,-1.670394386268021,-3.246889362496569,-3.2452754996959405,-0.9388179991277729,0.7184283195879763,4.572804263705847,-1.4639464910694027,-1.9513743616070818,-1.3628168644576326,-0.06376705705432967,2.66648183049188,-0.15908500971685854,-0.38795695271579617,-0.9358206047414706,-0.3631215001999025,-0.26529520444278526
c30975b5714c7a386358454f452f0d1f1a150aa655d0154a43fde135db3fe1ac,0,-0.5480086970373144,1.3321393152951448,-2.463318724400863,-2.793914240537682,-1.4601417004429342,1.4073111470669057,1.2906912631359404,2.1266514463339536,1.1231205459078888,0.472417982289582,2.481282693996927,2.441213516561922,6.218944958211313,-0.9211820371915433,3.0131038521911435,-0.7763083580621645
ee40e1fd06b548dafdbc4d9ef179f00467df8d9dcb7ad8cdfdfb6cd54a4b592d,0,4.921360597745489,1.1375542497303215,-2.1170852257944603,-4.061224348028137,-2.795013965410502,1.5012836081976555,5.172563453272838,2.158081817734184,2.597310692065654,1.4445886669425052,5.0060485250748545,2.1897206915821883,-1.2540612266610462,5.1278483883722386,3.63000706823731,-0.3051497696688621
23f40094c2e2b33b3c5a0c1575a7625686d48d354718838df6d25c2befefb548,0,-5.244777952576245,4.314302038254737,-0.16273561340773401,2.5841655689637655,0.7289934396333974,2.1180845965646267,0.38849436307229085,0.7389834111378231,-1.2134699336193642,-2.0971500648155565,-0.565621221317179,3.9896057795477198,-2.798802145988571,3.2766001687789736,-1.492021711482259,1.4922608285817116
aae8ec7f423ee1840ea1004d2e3f99227684b7f47ef2229d192d7850852aebc4,0,-3.0031976463375325,0.5996976826070849,-2.1818681684913606,0.8155868615332723,0.051057282618903604,0.5510890216157395,0.5460627941606008,2.9921511676628696,1.2856956970726525,-2.3613182171074993,0.5898274287517516,0.8339341358505483,-1.5952882522741212,4.131579984762353,0.2662048089367341,0.7418624130395949
7e61cafa3638afa20296a06ffbaf54c587671e5ee26dbc9554bd696fbe82c5c8,0,-1.4699676087555236,2.270218685253409,-2.6428198492232555,5.6112467356436,-0.6863824816160617,1.417979495957989,3.137239802945297,0.16423387456507776,-4.5542861481240156,-0.7366532870625548,1.210554820948309,0.8767843572024417,1.018328863518521,-2.56902031902201,0.9008425340204311,-0.6934436999754643
a0563ff3c33bc6051f18d27657ca69115781afe8a1ecb4fdaeb702e61fd9c1d1,0,1.6242550560878022,-3.8709436515321283,-0.5633041100563834,3.8448316531719935,0.5026311654025808,4.680494778777042,-0.7165218101119295,1.7472562623128898,-2.532124793751955,-1.8534431280075347,-1.622605697284495,0.829542178039055,-1.682659607854055,-2.961052729199433,-2.6525059831221136,0.10131040023057047
61ece4cd8b6fa71796df1fbd88edb0b8c387033d3b128c52d0e6c741816f96df,0,-0.781693431034638,-2.2687593658945397,1.9578666302589989,-1.1052322100996201,-2.0583878951544397,1.281734797998295,-3.0106112700936976,-0.7577447399725645,3.333900438965797,-1.0157620434132348,-0.06725877888581983,2.244400762364473,-1.0511536315767362,2.336305485383914,-2.020694850245431,-2.6195198027247066
3df5300b75052580a0245bad9feccf60f391f3a690cce86b73b3c9da0f0f0856,0,0.06947633673345943,0.9422348661950861,6.291894115224984,2.418148289048137,2.387902096681994,0.7058670074570669,0.4891526686395455,-0.25246416149730055,1.3316537953545078,-1.781228485260449,-0.7738312706493194,1.5296325817961431,2.597272636279624,3.2923697478284217,1.2980234314910564,3.8862158694775997
1fbd5a76d81ac4918292b3fd6deef220a9d250fd235509de33c4d0f6e545c50b,0,-0.73773385066531,-0.14835257442276734,0.5904597469053336,-3.3759217400132773,-1.880212599960234,-0.9681765649452826,-3.2076279734984268,2.0527207153402127,2.0899037077831593,2.809514916939469,1.0768920422703838,0.35333497732107055,-2.0117628738945195,1.0544766486116295,-4.090044287156374,3.7284091186888917
1af250fb6ef61ec187c39547227c6ddb80216ecadb39c69ff9a23662c8f8b9be,0,0.1177855584345911,2.15086279569969,3.957226302005323,6.114407870255413,2.9499913349773967,0.6253926519939688,-5.44022418198811,0.5958120099227382,0.4971392160865025,2.5770701847476154,1.3659320078843509,1.8583194160306291,-3.593776860272005,-0.10951071943880308,1.8565901695184137,-1.0168925058467262
4f993b8ec873f7e2c0e4e77516786c2974fd2a589579d089070c3cde3516c48d,0,-0.9269096844163581,1.105662188627396,-4.5570219255339355,4.397249503827653,-1.9970706246727676,-0.05831880273806654,1.0604913918091965,3.49000602236858,2.1210720352069417,-3.738225633595008,-1.7745251788604182,0.8216858763840725,1.6542198779258506,1.8540112536877127,1.732598663396094,-1.8440490679804624
372ef33c72a18185128c4599073ecf5d56883ccc060c6c49a1c316b4574966d3,0,1.7838660842059562,-1.0180947373006994,-0.16046047166922384,-3.348676214255073,-0.8838545595203484,-0.77261364815438,-0.14132158311664572,1.355540876332803,-2.858650247273275,-0.2730673798718267,-0.9533724898037006,-0.5098557387321622,-0.2269175534463046,-1.2629199990187074,-4.022940671326949,-2.9864350738675896
f1ba7af240b7833613912c4d0d68e8848f9f9d521921438638a7ac71f26d7ae6,0,1.2320533608261741,3.0698710779997054,-0.24827903002207385,1.003815419529735,0.24222045764347455,0.9219462665965832,1.4705431434111,-2.2458661457655933,-0.6324917830192313,1.110103560525077,0.9187788786182626,0.6218949095803765,4.562358855105025,-0.7869250954056273,-0.44822900529370946,1.9700451757463557
556448562e7ced12be8fdfa7b9f103bb2af668008b7bd49286dd8de09f00e664,0,-0.6169335811380957,-5.685880878457607,-6.387416913250432,5.58713411505954,-1.7307095234572278,2.453249126807215,0.5844667097692733,4.2881830825836,-1.3299004627402407,-4.332250845078187,-4.86695763627042,1.3867982907890535,-0.27845372726423134,-7.752456018747865,-1.3270094788516122,-1.0261948946249677
80ee425c6146892ccbea0ca3775b9eac8052fa3d1b710c50b7f081eda90d93cd,0,-0.45547504218538415,1.7626924080843591,0.3851982520177937,-3.744693540357969,1.713539195335028,0.11568609337426514,2.153626876159612,0.47669271563328713,-1.8031390416904174,0.19682509012612506,-1.2613027841283544,1.8310129330967801,0.1946988437064105,-1.130082445351088,0.603411817047566,-0.07777184559179674
30e85257122389ec295595de19881641a68f5c75af6d5f5d41369b4df090a7f4,0,2.068894470519868,5.124490229903177,-1.9004813929422315,5.339486846561973,-3.336210644174957,-2.9224217258073533,-2.473599273589876,1.8600701479788302,-2.414907892495905,-1.1039251310936014,-1.7339549487371033,-3.448774707249277,-3.1384899061108014,3.8453314343954794,-4.810692582203371,0.43015416311040333
867be2842b13945d6d88ca13ac0037a66c193a35789e42377d0385093f93bd2c,0,0.6689799308573465,0.021605096289287973,0.9094661384568496,5.498425160530545,0.8723270702766937,3.381008164520459,-0.2983911713312587,-2.873883695910227,-2.3471798997460067,-2.9152359671973365,-1.1558989763831349,-0.6881054264972772,3.2524843627852333,0.07493897187226739,-0.39661475663319834,-2.29939938322492
4ca0359b9ee0995608fefd9133c166dee569ec25939ca3e7a68ccce88991903d,0,1.736023195475906,-3.035939810781544,1.0717757269801906,0.5170720626783945,-0.42364939047049194,-1.7208037154691327,-5.541912482903452,2.785736565004295,-2.7299216197075657,2.068807353326193,-3.4344269020406855,-0.11262956776309155,2.4547315159464205,0.5744043417429977,-3.6926649712841133,-0.02453122667930545
7c966fda59b522774ee5e94ea2fbe9b6594a2b69d4368241aaac32ba60e74fc7,0,1.6910564815080165,-1.2837594416529738,-0.004831752045803495,0.169456416180965,2.498290329411793,-0.6040527804305793,-1.1624436744885769,2.2225657258749525,-0.8881748038685273,-0.6912410739089271,0.05436417426354134,-1.4926895742075044,-4.3305800898066895,-2.767536723829664,1.974972944807676,-0.12788990632579134
