file_hash,label,embed_0,embed_1,embed_2,embed_3,embed_4,embed_5,embed_6,embed_7,embed_8,embed_9,embed_10,embed_11,embed_12,embed_13,embed_14,embed_15,embed_16,embed_17,embed_18,embed_19,embed_20,embed_21,embed_22,embed_23,embed_24,embed_25,embed_26,embed_27,embed_28,embed_29,embed_30,embed_31
79e8c19ce722bdaf887146aa6c1176e6,benign,-3.4774401574249674,1.2078460748136113,4.0066502214032855,3.6396559135100075,-4.829974480433348,-4.726631272776021,1.1709105490128842,0.8733295312401509,-5.329187102939001,-1.6204776156383778,3.565831409729998,1.0213155814927597,-1.6124191468384748,-1.6687541511921953,-3.28139729536392,2.0499953245643043,-0.8301892162043512,-2.6644919092107524,0.6436201982192463,-1.7744682446276674,-7.979612438716386,-2.37068525767197,-3.451669248141264,-0.9157391446340726,-1.7518745569922225,-4.504286817032217,2.806333950066752,1.19092694611064,0.2488492880873857,-0.41967333438400156,-3.987647508811622,-0.6008688237057628
df1376e5dd221d7a082adaed9f6be554,benign,2.679803596088621,4.579989378491531,4.304709599339614,1.4808896643399745,4.683109832699779,0.08940876975985618,-0.04560228082441278,5.743339935564743,4.400808737922329,3.129914405696,1.0726496233793594,0.9726928702044748,-2.1613818522930757,0.3485025260709034,-1.562122083954223,1.3352361913679736,4.7020657588828225,3.248360710837466,1.0699540453050982,2.050590286945553,1.55910608603066,-0.3095675756298336,-0.7775722250861253,0.4348236082749343,-0.874285416302107,-0.6224713772180139,0.10981534401247878,4.677478213438121,1.9680309164899201,-1.366871175972226,0.2172564204502837,-2.0907314474375194
21b5a2405fcda908904a0cc091b5f43b,benign,-0.00642043653993829,-2.8610223230823024,3.8417127137371962,-4.3151834096724,-0.8832681969040903,5.02490035434087,-0.2971315633656654,-4.2321087068210295,1.3870549675303252,-5.503982056298168,1.3075519506473143,-4.057146613931045,4.580721956546032,0.5357526491527338,5.319952255575013,0.061727705983658177,0.8019568635060752,-6.102598674713862,3.5335894108868624,1.6574476855331643,2.934676291956151,3.38893386376459,0.5351268519414221,-0.29744444322169755,0.8998161870670709,0.6072642843288687,-3.3432229209027566,-2.3421453602493814,-1.179101321076765,-0.49828878769541607,4.258857290201198,-0.23249934921891666
8250dca2810962bf74b71d850ea54ce9,benign,2.907599045147882,3.3923481550389063,-7.2894579658701355,0.8431394478876999,-3.470837536828166,0.6095358344601065,-2.4651887407956625,3.846726739484784,-0.1848298349593167,2.278458728789548,-0.825159252991529,1.977061214557594,-1.3088987047322966,-5.496174402942981,-3.179839565768858,-2.6412489835510122,2.2084101508628806,2.3484901835623906,-0.8033848491588471,0.27914407356992,0.630823589038666,-1.4131075957895478,-1.949190028706909,-4.008228902981616,0.9002019390862388,0.4347721152387136,0.13961178031066546,-2.650123076822073,-4.978062699203547,-1.683792107500237,1.4469388237099041,-2.958694526855872
1ef6612ff44ab7c8581ffacffced09d1,benign,5.270592114283184,6.626103271338368,-5.0759860981465454,-1.0898293069497715,0.40698313644477346,-0.9594092273841579,-0.05752819831255149,2.8606042069237283,0.1832063145604596,-0.3211303231870788,-1.3216364574073924,-6.460228064205943,1.4503801295173706,0.834665785819119,0.17524140901069984,-0.9846354620803384,-2.513855229618923,-2.825783951697548,-0.1385177940498883,7.536916723013609,-1.1067542469196805,0.27280847776955724,-2.518780571654419,-2.180448993310799,1.2767834743210296,2.127176518834987,0.5675156191296781,-0.8644539835532192,-1.9796606138150437,2.125231817739364,0.7319320136252854,1.7671129382245405
6854433f187b6618cf99de673a0fd87c,benign,-1.849091956966304,4.3161795886277705,-0.8470572970371398,5.250511535099508,2.443919122743188,-0.1382689023985123,-0.5137715607114249,-3.239302653536963,-4.803412515507137,1.3685003822649957,-0.9891159673334081,-8.518430177992569,1.849126765431178,-4.496110535590199,-2.340187413693512,4.1411283952904006,5.958667209362346,-1.4771477329806506,2.9555310552358174,2.863076982503794,4.506957481978295,5.026315935962267,-3.6970632013176896,-0.8775403701786366,2.3718230447809265,-0.763492044196493,2.9005114281025985,-3.693354456234,1.5774827982049988,3.3611169522193505,-0.8218906995869824,-0.46790265613459947
32a4ed95569fe47de2552aa445aa3554,benign,2.2290715441529083,-4.477838491014085,1.3651871499998836,4.651357831250652,-1.180460082924459,-2.4174480431351713,0.1374383025164207,0.3592866222305921,-3.268404019988126,-0.8913271711928606,1.934993225058212,2.837369496927776,2.510362524681208,-0.9864392984648599,1.7416515450886128,-2.9339400422922344,-1.0590241669410774,-3.738230221280598,-0.755143572086771,-1.4256636990414473,2.2413511517227898,-2.047068206833248,-6.800948412947036,-3.601208428128126,-2.5776925094010457,3.284107024137982,-1.094852322366065,1.1313603505477587,-0.5240589844232048,-3.00037825610761,-4.580823793720682,0.3749751392618658
64a3bbd217ced3b57ac950edd00e8919,benign,-1.3887235648919218,3.628548971570372,1.293799952075024,-4.7198981612806055,-2.419698721678493,-0.8416339845496774,1.3837726934165444,1.496180090057365,-1.184073041633236,0.761656017144883,0.9341742604264042,-2.8310825717003785,1.0052413180290691,0.8232800622863042,-0.2735575675532132,2.333721000551493,-3.0598678445818908,-2.6699429802331767,1.9969413795628366,0.41467989201827,5.508367573259076,-0.11978832207688384,-1.2410930618186493,2.4486186915031385,-0.8106064393428103,3.2475611482549653,-3.4804332453564792,1.5456095263570466,0.6736574167588116,1.4892233900600913,5.503088119452754,0.09808580890359686
209a915e90b20f98fdb2c98c4f417d38,benign,-2.547333063784277,1.9230628671118204,-3.3193963883362296,0.9405871843029305,0.7141189196384977,-0.28693169457398143,-0.4013850499763565,1.1787254415825752,2.2671252371261734,0.5309874187935538,-0.5939650167799517,3.069227400599078,-1.436393301517982,0.0290695949448342,1.5629560324994285,1.6473143057219508,2.9229519499660395,0.6653130847298554,-3.9919876760113957,-1.2584275387882242,-0.382945220419337,-3.265802958722131,-2.7843192597527073,-2.4292221508145553,5.027969327560611,4.05127188836166,0.004860933545933865,0.6805364725931198,-0.5714397999841748,6.156164005840211,-2.896070312446688,-6.816416600415314
e15e136ceadcdcd4b006abd8c5bca350,benign,1.498523992061686,-2.414928226958687,5.954143981306629,-3.3003827093695826,2.2954654708711653,5.590397847969701,4.1237160337846,0.45324738404075154,-4.903732310083795,3.9230745925798267,1.3507470377480093,3.407537728130434,-0.8357379866211657,-1.9714386742549244,-0.6825410741104316,-1.6538171424592027,0.47528845486229077,-0.7316192290229182,-0.6219946018956366,1.576954133892406,-1.821849065943533,-5.816050142042736,0.48732059178535314,0.17366596884278845,4.450194530598809,-0.5276405532510844,1.9100304118660483,0.26855264759488073,3.9236425859749313,1.6463274129850352,-0.7908463186334714,-4.0830303846219005
2b6b8fa4446bff4de46f7374f5564d0e,benign,-1.6090742760023513,2.0569980339966407,-5.157930956482055,2.2675168545113777,3.611032238733314,0.3513750937187327,-0.2577974730159541,-0.03982561280826752,2.3465854185206214,-5.404535829759533,-3.8764010744555146,-3.6509245028085955,-0.08021573892854761,0.09943024703281919,0.8532392687743817,1.2973017720800608,-2.1756505282162255,-3.0428008362506938,1.3620299992891822,-0.3987696284755644,0.25237681801877887,1.3467976518433973,0.4419704841978527,0.3159194290335448,-5.200496823607449,2.416276855044305,4.3936347233240305,3.1171549885865626,4.625993925219908,-0.38435678257189654,-2.0751842108195495,1.7878074484268163
feead8f3d6503302e1481d5673d33b10,benign,-2.051613657891149,5.361556744592759,0.637910878126405,0.42889366738732493,-4.093637414999446,3.53073352693489,0.8529384124797408,2.5581791168480055,1.4121848781999717,-0.8379431456078879,-1.2840963038581426,-0.36809996871734335,-3.2842342398176956,-2.4887368618669425,1.8034837210930783,-2.7855954264619425,0.48662183152171645,1.583885726192126,-3.649703791220738,1.4930495182530827,-0.7135556471863982,-0.22811171741018202,-6.13913460126376,0.6027292631132743,1.77985730895257,-1.5335524261134232,-3.2841806389887878,-0.1702508720778647,-0.7079808068732466,-0.27363380630466017,0.9969431326996102,-3.5481584291373887
bd8db4d221625af7303ef5d0d6184a78,benign,-0.8359605448164746,1.2694686421598123,0.5150140900762611,3.562270736828843,-3.4128455567310065,-0.8360087800042659,1.1135438276162772,1.8462151672382534,1.9505320843922416,-0.9391990682293966,-0.9898158739344538,-5.193095392070878,1.6506085483633193,-5.7033029851057995,-4.580517705319493,-0.5581867504257922,-0.11459705747083428,1.9669162039123833,1.4508572463629974,2.501229859345937,5.2590717666018385,0.03688582889853104,0.03914488101821223,-3.7281129480360424,-0.2957255184291758,-6.679348408518473,-1.250549224952147,-3.3999385744630213,2.1601366452106894,0.009660779299951239,-3.564863053797289,3.1482855574389563
fe28926d27e92f945de697b41f6a0603,benign,3.2591643251504996,-0.7627164174503195,-5.0526675380268795,-0.21464507104587716,5.463571048369622,-3.4158942681095477,6.366546949106017,1.8028419395353918,-1.4199935399127304,2.4110746888660244,-1.746754976373532,2.3207443121646802,2.890640698339326,-1.216213291172824,2.678610830688669,0.6638875656394911,2.598652746734588,3.0129381381189897,2.9037664601414708,-0.9637454455677825,-2.03193528835237,-0.5261135717740564,2.2443203765842235,-1.316432237092722,1.8383708148286453,-0.12714605907077509,-1.1285135988050732,-0.8940749095861307,-0.8925459190045449,3.921087665581256,-0.6830303799531482,-0.6455265079871074
74d1cc2d5c77595c0d4ad361dd05ac0e,benign,2.7645608580540677,-4.363099720676575,-0.4591190626086704,-1.7182216660376122,-1.3935985439781626,-1.5656002804221232,1.843497659201232,0.8475910967881757,0.5999266433495825,-1.7916410782739833,0.7578375697936478,-3.8999649578980353,-4.623234551084121,-2.290941899276314,5.4006653004777565,-3.257355378533766,-0.14733789524013363,0.8229135999641486,-2.394098014932989,-3.279263572948798,0.63297584889418,-1.8056015977780029,-4.040243476519771,1.1298930157075926,4.2619319560102085,0.5196499312219013,2.686176563404003,2.4783861577403385,-0.2883635467565104,3.4605176281218375,4.6522000534592625,-1.3538666986941597
e12b6bfedbc62d3b3fa98da783d94207,benign,-1.4802737976699518,-2.093266922356151,-3.4200139167976933,-4.520021463656952,5.454685293537375,1.8508911343463013,2.82420480873601,5.30832794330491,-4.450409039337285,5.559344543218714,-0.17577669966809367,-3.333005283233341,-7.141470223495588,2.599218591730005,-1.3289398748773245,1.271887418567512,-1.6936923918936644,1.995994073305134,-1.7360214171737955,-1.16513221834572,-0.1271380771834407,-2.7824870993007593,-1.6949730900706164,-2.242618993421264,6.623401241398047,1.855720683350093,2.514922553927045,1.9802080901278147,0.8989313993083182,1.9894082427887954,4.440579090654825,1.390289593453045
f70bfd9a61724ed4828577792035b605,benign,1.1975828997988396,4.018943234524683,-0.1651917409619477,2.7999952260845697,2.4648021626192236,2.1745676661629525,-2.8298275901908383,-1.5638665191143195,0.05325745773088991,1.348106576915531,1.9789630347405707,3.2441538535333305,-2.8208319236453963,0.5680767247961657,0.03368227393760792,-0.7471952844939072,-2.0691205857059556,2.1473823687576963,4.1638289039290095,-0.3496500976052924,-1.7274559465128445,-4.762742793740231,0.7231170791513108,-0.6704865831735708,4.031582708652274,6.237002961102943,2.224351334025034,-4.275126580996426,3.966090285969402,1.7890526641441415,-2.727284027119651,1.4026359044589412
64f7c97d1bec91c2abac0b0093211ba3,benign,-0.21101530064017404,-0.05902656305111409,-6.696636465816195,2.90647728707564,-4.185331313806252,0.5978039918839844,-0.8591293556757972,3.5530478553078493,-7.943252743493778,-1.870914984829138,2.040521120743021,-1.5254557652669336,-1.762799553184696,3.0906484185124654,-3.4056969835633413,-2.5893305567787834,-1.5522685549193973,-0.2188344147421586,0.24405896537609217,4.4917918834966475,2.571488585635847,-0.37416467520912483,-2.489314200173462,-2.116838151211997,-1.0501097631804506,-0.25000092439854316,-0.5687312954733796,0.8516793173513326,6.41221638581188,0.09994489969345355,-1.268944575405122,-0.9277443002820225
a30a1fec411645325f9d61345f2a30ef,benign,2.4243070096030364,-3.1027700162570455,-3.747641209827961,4.015628528923973,-0.624731565477031,3.456800968009861,2.752586147034478,-1.3445663819056564,1.2711659321442754,2.819268234577083,-1.0276192505963504,0.3637121118910303,1.8894684858241555,3.218996999627311,1.7512920727517642,1.122649988169761,0.9989439693377307,1.5482807465142818,2.9618681870384145,-0.4154620721258184,-0.06702610123157171,-0.3429973071016809,-2.6534478098261403,0.5469739252503294,7.003040032226701,0.3322575775887202,3.7106843765769426,-4.954929310211572,1.4005514192630895,-0.36884383834412415,8.555579224998347,-0.3625661415572197
edd22140c3799e7b3f790f224247ba0a,benign,5.511344941262898,0.7995769572229877,-6.57845781799033,2.1735631810359775,-1.5981510625720226,-2.7468900917731927,-3.864145093487812,-0.3043640442389621,1.2620293419269932,4.62747755818048,5.5888933749270455,1.828447605243537,3.89582584986483,-2.968957634858861,-4.075762818010288,0.8179705018845858,-0.4755346559153016,0.8013157433711731,-2.241572366792119,1.3084748414222822,-1.7236202535932925,-2.3961549702281064,-4.4303901724236825,-3.8318776814960227,-2.9383323223678546,-1.6788488538370565,-1.6075564752372227,-1.7981382748782169,-0.13846004946286258,4.206875323923262,-4.25672112835834,-3.338863260795732
ad14fc95e5203ea0839dc82a32424572,benign,2.8740461437202387,5.365807002927979,0.9123564894182307,-5.538781388715467,1.3816646813152835,2.6749159058312864,-3.3500738094990425,1.3615459262922158,-2.4083677101786223,0.557266369297884,-3.5935698476175357,-5.554265295906102,1.882730333983297,1.746021393882374,3.2133079014648,1.1659314927829827,1.6016556571557288,-1.0396484126631904,-2.318309250493225,-1.068184754300654,-0.7041137835275052,-3.5191953604162065,1.259647055719259,3.7078997518393053,-2.084802541502814,1.2130952785938285,-4.33709488767746,0.179109676726391,-1.5133403893404853,-1.0473407007797866,0.42230637040674057,-5.924354497662124
dcdb07d1d35d68be5b8552d5e2836641,benign,0.6130803425114173,0.4671032216528868,-3.997902060111937,-4.1025483195067896,-0.34592807201570913,-0.4191333710254066,-3.787947897463285,-0.5051678758567744,-0.8333399412711886,-0.9487317385043869,0.1569317313898887,0.754781026616038,3.3506169598375455,5.356999403959671,7.543382371685283,-1.2368593953894504,-4.4144276712882,-1.1481939761054405,-0.3610756677004819,3.7020470285268825,0.5177599858772487,-2.7935327110536354,4.557110125822116,0.4435368284566857,4.217565488905871,2.8061406961970032,-0.6498976163903549,-0.01580064815497384,0.04187929566474901,6.038521221343802,0.39747209513712556,2.3825282729134885
b8e67d3c1654a9222dd281171d12c360,benign,3.4674915656651244,-0.5096828585763221,-1.5280818778201604,0.2929969077552099,-3.0270856695118673,0.9737313073400466,-4.509174619498791,3.6020123653135143,2.9194918328067145,-1.761648660441358,2.805909536142176,0.88007987539267,3.754882209897066,-3.555973590118834,4.2921584637097085,2.6071676049251638,-4.393975714717948,-4.322451405644695,-2.06248931567428,-2.793482162257947,2.193610011985211,-3.362679929002997,0.06975082695384738,-1.0263513275946958,3.3402412366912433,0.20795661872741295,2.363020639467765,1.7186368676881743,-0.6057166587772194,0.7804957394566682,0.09292456780773944,-0.2922972119664331
9bd5aa645c7c1ff63463a0db4acf1d73,benign,-1.2718740129402109,-2.102684476984389,-5.257502488519625,2.381932185216448,-0.6384081784697008,-0.4565493258083305,1.5736178634547515,-2.3353842671280387,3.7553401628121725,-6.917877297597186,1.809653268463764,-0.5273555327556155,7.3550423065381745,1.493932848060576,0.7587568434928673,-3.1808078939464597,-0.6172270628105101,0.7521490986720765,1.63438324303836,-4.039877483076989,-2.1780030963492822,5.520192574239804,-2.164995395185012,-1.7210781576626137,-0.19836131894425257,2.668617292152686,2.2771129120811957,-0.6151986964591534,1.4754540686045325,0.6194694731734783,-2.8659403584479084,0.24030986853180375
7ebf43492c7a4f9777c9e0db575a129e,benign,2.317828946622244,-0.48483990124707343,0.3623886291265992,2.2980793227331544,-0.9656287371998062,-1.1885987778541673,0.6291163476844046,1.200163684630056,1.7244339981117847,1.148188653008964,0.9036180932804411,3.972344798384247,-0.4424684748791672,1.6325404807732895,-1.954526403152765,3.7068608849252005,3.4013766729305104,1.3262292620486642,-3.135194416598524,0.8964540821635878,-0.3467713761059651,-2.788875833809971,1.5921568024286203,0.8139025302908565,3.7600041213252067,-0.7985590653818793,-4.918750764663184,3.2228960551196524,1.7622641761969793,5.322667470995588,-0.10721616266595019,-1.9887322019239029
0f5ab2ed03e5c4fee4ed8ba2df2e893c,benign,-1.2572024048620327,-3.941140498519098,-3.089594894921618,3.3366296671219797,4.616516957935248,-2.3413912995902324,-0.8707237769824365,-5.41788199720657,-0.9093801014934391,2.148803859837866,-1.3735769615190851,-1.1704302385303182,1.433764170201584,0.19021378859167737,2.155080143853023,3.741883643090453,-2.243380337004351,4.2636563679395145,3.022878043057582,2.057967842763324,-0.886702552843911,-0.1956424144872745,2.195825241548831,-0.5536422046278073,-3.61825622814734,0.07769165537259626,1.4366563133245918,-0.7491029004905246,1.1269844532528135,1.0727628214183518,0.37705868680712307,3.327478756827152
9a54b954210e1feec9faf83616f894ec,benign,-0.04263669489942529,-2.7438274947839547,-0.8397554683317942,0.5251301732440149,-3.586822139217686,0.4921929818359922,-1.247751709257744,1.6305158696085624,0.6943526375991198,-6.5580539233468,-0.8910490033497596,-0.4832037304369487,-0.37920560584661045,6.816740147663873,0.7930647633340879,-3.2334345301307432,-2.158296576306793,-1.9023556757998892,-0.9366970292844081,-0.5477954194944918,4.210110403734974,1.6098365407982822,0.5446917900396713,-0.028416500065528594,-0.06944581415424123,-0.05935958815774911,4.40331492511901,-2.541523462652644,-3.353768990667272,-0.5756005403331486,-4.078756136959101,-1.6427071585431758
f62a3f55d185dc4de5fa085770cd06c5,benign,0.33904806359207856,-1.6647869520374536,0.24425910102259385,-3.8164455228671263,0.6489069561086914,-2.628679984248719,-1.8742138799510193,-3.961298757003666,2.4590584618303475,-1.6811585470521153,-2.9951587724159636,1.2970153850277653,-0.6974885737658837,-0.6238144812584058,-1.9964189671717503,0.8978282016911951,2.2108806013528235,0.9159116935306608,4.151735078912204,-2.860602411123297,-2.1399928814678773,2.631781357359649,-5.483084567467298,-1.9922127329558954,1.245807307376984,1.951767476797873,2.595600644590821,2.26095879502857,2.925682609347542,1.390905248933441,0.20242278166445715,-1.8209388259333832
eefd99c19aa26c37ae730e6e75631066,benign,4.267772887446782,2.054223498410147,0.9491278541697574,-1.2473388450293683,-0.984764163136886,-0.38136175630167746,-5.692645774321735,1.9524155432300312,2.3835330169852784,2.196674949153812,-2.001904929951914,0.024514987292921953,2.381237402220902,-1.011400115009633,-2.78064131760291,-2.1604850682721,-1.2723160841167183,-4.499631782774886,-5.159945096725466,1.4054681756994534,2.2203220045266696,-0.09736934368632871,-3.2735451832920184,0.9568193358645105,2.1543059304990546,-1.162580006951674,1.9498568267814127,-1.6299885734662753,-3.124748392586126,-0.20649550571396746,0.7811452205072357,1.5888067119117226
539606b38dfd0cb470de7a3088bd7ffb,benign,-1.0199147281966414,-2.378454850674726,-3.130452977950878,-2.581278565070224,-0.7147572287648173,-4.5983099278237045,-1.4236941329898298,2.449485129411777,-0.7569243722908888,-2.2999042862566745,1.354191719943564,0.9124184612645543,-2.4995433137738545,3.1366585069594564,-1.5174262858187453,3.1905198003814745,3.724310437090727,2.4077371318976803,2.832285238297314,1.0210288129159901,-4.262899999447932,-4.855932688301295,-1.948291149045223,-2.312593040798618,-5.518411021497156,-3.2335208607485293,3.156880003971008,1.5274166162757532,-2.0731667757390047,1.617022646408525,-0.5670208938928252,-0.7257088049569959
a6b5299e77db2c6387f28b877679a1b2,benign,0.8420973464264971,1.6941060773026781,3.8093581173692916,-2.0164231890420865,2.1748837063963977,0.3081890557903387,-6.451596316740103,3.451675452025748,-4.773932257230573,0.248290650116454,0.8960930763115266,0.429976787913303,-5.117129200131507,-2.2866052171570854,0.41348492987642244,4.873744868126538,-2.4576859637418575,-2.8105635330508623,4.4966486997403186,-0.08555052074449784,-0.5371455612751798,-1.1865137605162932,0.20665016344758702,-1.147280380460323,-2.5786731735631188,-0.871775640464969,2.937605576384436,-3.791466966931012,-0.15402242247915665,0.8872182548327388,-0.37533132650930945,0.9982779707139067
b4dced39c0dd0d63c71ca21767c50da8,benign,-1.059994597187706,-1.6393250992334627,0.5101024647037343,-5.497877602510407,-2.5511888954702444,-0.014662055911758481,1.8590341942842619,1.275046458335096,4.199479591229543,-1.5806996243820737,0.468060407320534,-0.438260673713344,-1.0023079834948914,0.9511602118321,-3.1634381393850552,-3.288159123278673,-3.7062669838466538,2.266738351566719,0.35022996934650685,0.8239445759616051,1.2199663461826649,-3.8287607024964068,1.9804563199749403,1.528560249732075,-0.721717578713565,1.477311641658194,-5.554958659370649,-3.2148669212053145,-3.949585761397411,0.534662038288058,-3.0894294756483553,2.6517513611050387
b3cb75209464b98a1a89e26527441e1f,benign,0.2647858045894498,2.597282804212055,0.31901629824328126,-2.810576296687709,0.7585478739272492,0.9787982654939829,2.5560764390644386,6.200980249750533,0.7524245526240716,-2.3025661742771066,-0.6341874693556726,3.4750245389652026,-0.28761959742336185,4.2237727104282365,1.5631791333468232,-1.8428707051239346,-2.249914182611335,-5.793206112181103,3.906176573631019,-1.925256362299796,0.3467412813317656,-1.0523796370398872,-1.3970845634055615,-3.9866469895954633,-1.247292765993095,1.7536873517451703,-0.8561633938534609,-0.8640697893509726,3.7975850065378416,-0.05059936243547436,3.2262619519375657,1.4803731275475533
0b0f3189f803b25a5dea8efc47cc32ca,benign,-1.4467059743591153,-0.212485443847508,-1.3241551316261269,3.1624350210241183,-2.5867560354219683,-3.720039228921859,1.7093695271378895,0.7277894389045714,1.5921587935909791,2.466951517794975,1.1499533216767213,-1.5570147157544236,-4.236679937383767,3.224207776945485,-1.9803004278276477,2.726209137696418,2.901521142492633,-5.332053629781407,0.4090331502232614,-0.9388395917009542,2.3116609796486185,0.9116980357234119,0.1131742438021186,-3.061731979024517,-1.3090257723078036,3.6724556791301635,0.9497183444511427,-1.8183843797163295,-2.7701871074807163,1.1721641002481522,0.5572543028862579,4.479478381844748
4042cf9d07e255b1437c537489b74961,benign,1.2986963515856824,2.1594755468779985,-3.377096817742911,-0.6241016054083235,-0.2945227775495748,2.519070057019524,-5.410053921212651,0.47103029455107626,1.1864234624772116,-1.881649599729683,-0.6839768674594032,2.3034900903530824,3.7341189902420497,0.709422262560458,0.9205310333318795,-2.5017941370574555,1.3916309037834442,-2.953157779069695,-4.641140309618156,1.938689497204835,-1.404508646366808,0.6501406727498549,-1.3341095125654965,-2.7555397178278467,0.008760075908374132,-6.347186211159242,3.782546851734612,-3.668778611785814,0.48436083018487947,-4.245463817682989,-1.1884653418793978,-3.900294687064913
2aeec632ada93df6f3e8738271adc42c,benign,-0.29341839448038565,-4.046223371586246,0.0408872554045462,-0.6972911751423783,-4.614140013218461,0.6706617944997848,-1.095405661319193,1.322627395510415,0.41780835839896785,-0.5247701551859979,0.05942263398831593,4.963295464578192,-1.144940275546774,3.6754408537697345,3.293218303956781,-1.3005572973937842,-3.916405116448474,4.989197097265714,4.242484862780255,3.5462648951550877,-1.4361549441678527,1.820764180140729,-6.023737072352931,-3.3846534433650817,0.0003158591170593361,4.317411024887831,-3.0104190608476755,-6.45622122615822,0.6254694664919384,1.1552566861741191,4.164575397942556,-0.0479886725567647
30b99fa1865fedf69e5975920bff3c5b,benign,2.5335019763375373,-2.0372794771275187,1.9167667934473047,2.7343203147924093,0.7723436765235167,-0.2405622119387921,1.6043734908486686,0.9538410306736784,0.19298336123121657,0.9892629637924163,-3.620437070223716,-1.0232729420758941,-2.671251210041841,1.6066347310280298,6.629134751272986,-6.454452231745864,5.683791147637184,0.8042973299108436,-1.8272588815019568,-0.3201764630666627,0.06408737014676742,-2.2377264874131617,-1.1739622927750468,-0.7944506494054995,-4.9570489588922,2.7515303571581495,-1.6624750156968857,-1.2808951728637252,-0.7985020096834935,-0.32316763320808417,-0.26842434965566464,2.5433005611944237
45e80ef701e255ab2c10eee47ae04022,benign,-0.9027019338835462,0.6743319463531259,-3.3514413858209733,-1.1533816570417499,-0.706549611411257,3.6521711472991076,5.2933665722838645,-1.89698931898985,-0.842762381754546,-0.779840749483059,-1.5602169321408401,-0.7542903625234283,-0.07618340411483893,-0.6880315012040445,-1.9004059189281415,-3.624343928336666,-0.4833562111214604,-1.762935332159789,-0.39747789895052504,1.9112680936740638,-2.372525510538465,-1.8849762476164924,-0.7911710107379917,-0.3861022229184172,-3.2405439409214543,2.7890954192496014,-3.0580674213648877,-4.7109929376307935,0.6168370442454119,-3.6499025136645837,-4.460196076288422,0.34237750180537957
e09420126362dc2cde77d4e9a37dd060,benign,3.7891010462316594,1.6415717967338077,0.26026253576458447,0.0799683350151994,-0.10692066655108878,3.199414109488549,1.847584772375733,2.1510986800749357,-0.24790629009959725,-3.9677034707570376,-0.2707633440769517,-0.2928719702830102,0.5493883105387647,1.7817838543133078,-4.426887215743899,2.5706078567529778,-3.844415977230253,-1.4637388797801922,-1.8250524878044856,1.44357722168132,-1.6933431535502756,-4.583754731554146,-1.5320986740140792,1.1484587402411446,0.5683882773557435,-6.010206108679144,-0.11691381592355182,-0.42463948798297835,4.1199287297740845,1.0313981388381053,-0.8873480157758462,-5.818499565698679
537230a918da48c9f17c7ebe85276d08,benign,0.8685645941220719,2.5504310991974632,1.5318377842116058,-5.662296740203131,-2.2148863496902154,0.0661779440166172,-2.692617336710196,-0.14907019772708457,3.93728609814093,0.03806608713387161,-0.030346485953659352,4.7656208422245605,3.494437173920515,-1.0075221202673001,-0.8243023862807091,-0.5878936263241785,-4.1862809481655585,-3.248451775617619,2.336630538284672,5.591586580180159,1.5841195093123248,-0.6298922050890094,0.9306142108644069,-4.247332234574592,-2.331908132848518,-3.9196486641741077,-3.6757225405199363,-4.760449627985432,-0.6264799467266036,2.961697276203691,-5.576457146765803,-4.207432631456877
dec2b5eb348ab7848b49b501ea46a257,benign,-1.0770625117895254,-2.151967253383239,-1.895308910283112,-2.106145454227891,3.379228934420777,-0.9518422392083672,0.34071662975280925,6.222958188109851,-1.5270740199343358,-0.5042306560842943,-2.7243442515995318,0.9062979672308613,4.386043290352431,2.0306397116188486,-2.28521436845117,1.665632758038318,-1.6431081021602878,-3.4662876858272105,-4.657187699454091,-1.1456667711808977,-0.4085239612418725,3.363012221724064,-1.2547285353313602,-4.651446941282671,1.9877531618204718,0.7800726568397818,0.7510818752295566,-2.267334930221109,0.21808690052275964,0.27079134106326797,-1.3028506775138982,-2.302665923274925
a4a32f177789ee82794bf54f126ff453,benign,6.148935007358817,-2.0148027527734316,-0.6239696442407425,-4.97559724265924,1.5266091858423887,-2.1752774138936393,0.162473447434769,0.027732873988970952,-1.0453134821466203,0.45256908365345727,0.7350924802282289,-3.1785923204022217,1.6869833765415065,1.5176314110613205,1.1781418337218796,-0.268084773362588,-1.6653950406472566,-3.5940808173933707,-2.132910219603449,2.366619452141145,-2.140618529892138,-3.871348399830578,-2.4044778496336843,1.6555805391172012,-0.923669747560045,-5.112292443220088,5.132024695301197,-0.8248408763603511,3.2104006576186,4.7163276236442195,3.095176384342966,1.4955370631603215
05c0083bf2c3f2d1ee8a6e50c47d1890,benign,-0.05671340227490562,2.9144994826101924,-1.818287757439133,2.8493114836196725,-0.6662281334911648,1.5495870651299002,-0.0066779067743179404,-1.8641617130985246,-0.543892607768875,1.0186310547275281,-1.8015504378975251,-4.911812789571159,-3.4937243689145525,-1.0727804252473043,4.725693243014908,-0.9366029469650097,1.3653712834513996,-1.7145779038217641,-0.9781684852253492,3.56172255920646,-2.5217111862226766,-2.194649807645043,-5.227491704713671,-4.296092622662822,1.0018891177153186,3.016127440272171,3.1327813794859116,-3.4006492999268088,1.2856075377881602,-0.3157947377410941,-0.8437051296270638,-2.4266790538314615
c532aea48d7ae19508e11c0cb1e25ada,benign,3.665143777771762,-3.5098872885237054,-0.24453119446191032,-1.569779959172725,-4.803295143228197,0.3340102236692822,0.0972294753425612,-0.3819044493488735,-1.9587831602642871,1.475928491353934,-1.6602137854198045,-0.5165807891069846,-3.0884788077381335,-1.4151394749724215,-3.0105062036481036,0.9972194064152633,-2.339796576296766,0.8522447367112926,1.5669017835041594,-3.7488569677406924,0.6510994014633381,0.4910017366248381,-3.3114868738991543,3.7580162671427746,4.764511178026519,-3.1585472515892947,-0.3105026541901894,-0.8407549456041847,2.675123730040309,-3.9447299783495833,0.6873781542513385,2.8232319501377456
1031de2034c34ab65eb706f2f864ce76,benign,2.644285119749054,-4.254353645619768,0.6082515774778394,1.207529365106347,-1.635454757447159,-0.36888461865577526,-4.893816220555562,3.7993925155989325,-0.35722227322757366,1.1726347098882517,1.4110746719235632,-8.147161157792553,-2.739815873185678,-0.31067993530520777,-4.849615971536725,3.0212881720974587,-3.4234368825763246,1.7339848163023244,2.0562960328120234,-0.0986753279273491,2.9936826708742723,0.48580783183571247,-0.3624241665904112,-2.530805048652382,-0.9554432519403075,2.0088942339899756,2.018013816918791,-0.6325213514289041,1.8982191783578657,3.3322301807982457,4.488916155526064,-2.5787364997799074
b705e4f56628209d3e26f3ba6c771816,benign,2.220379785828735,4.796137772310305,3.331929131668616,-2.184229718334509,0.35533633830069067,4.499632392343215,1.949395225770467,-3.5767696429055147,-2.47568379451286,-0.9816497272442156,0.633315980428481,2.399287525754732,-4.4945138371804605,3.0958219714909982,-2.8864269409210372,-4.602363049250204,3.2544929736202137,0.2299452881343415,3.0216120827442525,3.1383740784126615,-1.2064619351244579,1.7129540223820219,1.9372919297015267,-2.7308473879818584,0.2265433900716619,1.1571502842773214,-1.545008925508975,5.69474340324105,3.4240242889476087,4.213103864430307,-1.9771243535301295,-3.797592264114027
6ef8de9f157b6bbaea1f488ce3765720,benign,-0.6262197433445467,-1.2658999283705645,0.6745537660631111,1.2880322458411793,-3.6131270761465104,5.90810160848784,0.27489100559349394,0.277536973242416,3.043840923948364,-1.7874454153031827,-3.89572195338483,0.010027500427657321,-1.7218049111133924,3.8353328464862946,3.193546073664386,-1.0668884755402168,-3.415568442945646,1.9930159847202784,-0.24568327706761267,0.42046353352235655,-1.6236990467848211,-5.350450106280138,-6.642343035750727,2.2382075089807163,-1.449008069412582,2.063649033009491,5.168706633190781,3.6035812238819767,-2.050803338266586,-2.175286155325458,4.0001728163863906,-1.954486923618183
88d0ea4a038ad3c12f69f389f72a25be,benign,2.904664051663235,-1.1454705510599799,-0.11467537181362589,-0.5831392917316383,-6.1837304490465455,-0.5744212833284768,0.7209569699465772,1.791214403406103,-1.3441406646741774,-1.3739876789687007,-3.8538317851062858,7.048632390512187,0.33821421654924483,0.5826322759803325,-4.7677776308543285,1.3862029591992013,3.345481311893247,-3.585015010490752,-3.9599717735264623,1.106071387494062,2.9962786483558506,-5.18481850323232,-0.21544324027558281,2.348742906284777,-0.5347871011760952,-0.12818047283026573,1.6204229976735047,0.5843194421437774,-6.723351186806219,7.205967391397623,0.9228153942113219,-1.0029116440187016
ae51f05e6ebbb36f81c936ba68343879,benign,0.871583354987302,-0.37937534840760867,2.174999001260237,3.958752836295774,-4.149122231159926,-2.1991046836910773,-3.2547111063990064,5.896255821986278,-2.627175246887178,2.969482885813192,0.09961801947091314,-5.951141326910203,0.4701733504305906,0.48999144335741396,0.9897781352256947,-1.8102617894880362,2.476245199534771,-3.444873779098766,2.9298193063058835,-1.4734367388256269,3.766372194444389,-3.177553138847523,-5.719129186600934,-4.072955036561271,-2.0379225924908804,-1.1826597315880736,-0.24067493416765,-0.5156603296725343,-0.8204773980552941,-0.8249484679886985,1.1713836210531077,2.603919216047452
25c7f6b554ea1bf5a25db1f053704fb9,benign,0.2582911875802653,1.062012269099446,1.7328652981652104,-4.753170573469063,-3.8579513828309153,-0.30354088235913096,-2.1599077973379806,0.017847306314762557,4.135562905532292,-3.8939499223057625,-0.8186785830775141,-2.972562210142369,-0.7783077529082695,0.04507313157527708,-1.720659181763026,3.3221433359673105,1.1486487511656889,1.6574198085397915,-3.288083583911542,0.030242239600427573,3.3023171508761053,-0.6926553710795348,2.961303439638985,-1.2941290630153441,2.416271795314419,1.206536537707418,2.2887188221630566,-4.170761539253119,-5.468462760111479,-0.623817268119415,-5.577058572381763,-0.15413103972428419
7c7d277203a8e5c439f73dcd618d3959,ransomware,4.222300531805137,1.173970850686199,-2.897518885041551,2.331674765526611,-1.3265491427473097,2.8061720137575876,1.4452644726987285,-3.2655632485990793,1.376449518498769,1.1654372095254795,5.804696342937741,-2.5058551220951077,-0.07868841473720567,-2.9265030667050036,2.8319038577073155,-3.7967397753494994,2.8097981500986595,1.4189923563044105,1.5948949077170973,-0.531489125929055,-1.818469854210609,-0.4432382997389661,0.6617692548614702,-3.1458470084487327,5.5277974193063395,-0.3794034853231697,-5.3137125571834645,1.2891563229513463,1.4955880338014997,2.9907904927782694,-1.5442846322743706,-0.6469993489290976
73096046b27433114ffaeea60be7d9ca,ransomware,-1.429564848737801,1.8898791400728274,3.2561749646491283,-6.293723111470611,0.7741570768294137,0.22222312013657897,-5.670783144149351,0.07631200509856151,-1.8862430603382057,-5.744656795356603,1.7049171530224656,-0.8759610118822291,-0.4525353383637208,0.3327866012480406,-2.6995370634678273,-0.5150872368975219,0.9059836738372458,0.4441431779326836,3.9204456655990296,0.631641443006445,0.2298749701851926,-3.3203224562490377,1.378796709382931,0.5128267641599197,2.9026421852852824,0.19352181608607816,4.905469441921115,-0.24421033003542036,-0.9018583437857814,-3.124266323830926,4.553877432862721,1.179210483344592
f3fd9196af25e2433a388772f3a58f53,ransomware,0.9918224666553472,2.388357839564205,-1.937772465755335,2.6514366529517015,2.962923759047344,-4.720827382330842,1.7478529133571181,1.2405938183588097,-0.02469570628104184,-0.17966009937826244,-5.0580202759259025,1.7631752612149103,2.010077740474467,4.4568471065558715,-4.837240065731706,-2.7657465203990084,-3.3820134262139026,0.063391760482785,0.13562917718521827,-4.877520002484762,-0.967197932176224,3.043441134555207,-4.974293899412581,5.156400025879629,-0.0067646461460542096,-4.43223454646608,-2.563075375318236,-1.9659050724322107,0.1167241847037001,-2.1308446101117733,0.6488556231929988,4.280035109833426
b1b60f31ebe69479f31a9a138f693034,ransomware,0.9260345391909299,-2.445001654735429,1.6648064825876938,-0.3734794813473108,-1.0009885350622583,-2.5568636297864806,-3.0069557626701937,0.5970070842020423,-0.5586752540726363,2.367582110426374,-1.8396381863562155,0.9290225347603922,-1.2934815488881743,3.17524959859249,-2.7485579102596223,-0.6889757814389603,-3.740963470074423,-0.5921604331893837,1.8904279228370504,5.430153150714868,-0.09703109374505017,-4.198307258553703,-2.668706431830164,1.9693678253276397,2.501579520578907,0.3589785645767135,1.9309880858554553,0.02864872970085619,-0.3783390613675574,-1.7092802477671687,1.3524426729317336,2.2783939658711185
b5b8375a13cd93da61181712114bc88e,ransomware,1.7076820659066523,-6.79294905549779,4.096741953363854,0.9699709413962466,0.399477489253417,-2.0598478367174065,2.6603232584306373,1.6927990216839337,-0.807079758028588,-2.206669772492139,1.0416336735330438,-0.289150383037345,-4.4140536168797,-0.9267885728354017,-6.837695039789498,0.8033168668795588,4.3044526215336605,-0.5130423373450047,4.0707822673122385,2.9681821358224356,2.9850671342806367,0.39700549357564113,-0.9087749840083652,1.3067157816818296,2.0077516063718,-0.8028426186607169,1.6406375274226745,-4.8778435078890165,-2.604190509234309,0.820320206837273,2.3041429575009427,-3.538554356590361
c2f7e36ffa36e4bf54add9328e251f43,ransomware,1.1889822313315983,3.6349983355602835,-4.257606770922118,-1.2078524548726601,-0.18217815591082404,-0.9706269877034049,-4.39149974944443,-2.8993532953725127,3.173780329160226,-1.0798902668675885,-1.0224001034309764,-4.2997447152887736,0.6556782582899682,1.9073261330815543,-0.20567198898464908,-3.966940921770221,5.756453151049369,1.926374165141728,0.33719431276193185,0.18736557460837205,1.2345677373206885,1.9572183992881593,-1.8555003485338148,0.024801755533344738,1.1238156951282614,-1.8301140938927667,3.152231683866196,-0.9014479084229787,0.4092926235983337,1.4402519797432616,-0.25863073437779194,-3.128940525240475
05098b4cc9714fdd0e85b73ecc63e18d,ransomware,1.7859592053908762,-2.6130850456100467,-1.3864528096925484,2.864714214924624,-3.000816122304067,0.7453428824067158,-1.491392248865146,2.732778320718149,0.8321701066428828,2.1268618485203796,-0.1415115923387046,0.9423479102840466,-2.3999057979554577,-2.649548805182971,-0.01382633885617468,-0.5335512949261357,2.083339084082524,-1.8384209545676626,0.1760748433052256,-1.2652432984879751,6.7038348781032715,2.462974876322408,-1.2898174855844908,-1.9151353748542506,0.5263932186722384,6.685760259185647,-1.4637251802962645,-0.4549594433389245,0.5727700183957165,-1.1971411909764744,-3.170324190995668,-1.9931683259316584
f18f26d97573e2e32d8135bb45f10d2a,ransomware,4.381143699087338,-1.4007044595395066,-4.422568463943749,1.9232604282933756,-6.000434011477462,-1.843484483216304,2.927404081485988,2.6254062791444768,-2.588907747838633,0.28695650544085793,-7.028710450668346,2.108139859508678,-1.2737950981231811,1.2472417883739746,2.3075816674951146,-1.701353344487921,-2.0714745292514336,-1.3181114826074742,-0.48312913933522034,2.045725149771683,0.6542531791885122,-3.6880324271712865,-2.775889231817849,-0.850494241400103,2.34659009107676,-0.21182704767796012,-1.3485057755514198,0.7253065626707863,1.5595853972653646,5.61270262236891,4.468794165902056,-0.5569619261025356
74d8388dcfcf0f1d8ec5853b711f5a10,ransomware,0.680792980864641,-2.5588916793482626,-3.071175980275294,-1.6320464757226063,-5.123759837365149,-0.037601826599947374,-0.11325562324765615,2.5873543114553463,-3.5155185476485924,1.6114898735446983,-5.308829250166401,-2.4005869191526186,0.26555599789803686,-1.2302538658383477,4.220607359973975,0.620072564103937,-4.885991486649958,-0.578573281728026,-0.19540760302388344,0.06693050384016114,-0.3982017539636383,-2.0492766794165798,4.625244896573912,-2.6799395604038665,-0.513469898091055,2.036442709880946,3.155264800223755,2.7185416178187154,-7.762024539544473,0.3507724995890833,3.404042492709275,0.7289427299095792
a96085276f324cb815962c219a3609a2,ransomware,-0.9640269166886295,1.0093735947545674,-1.7794410801644365,-0.4252474270318818,4.457782339015274,-0.24013798275317583,-3.539446364646251,-2.363157047840002,3.9697393571005186,-0.8102893862912179,-4.098055001651659,-3.830757052540168,-0.03067750640377348,-1.0966711036649186,1.220092139732984,-3.8605115030325448,-0.9573834414134673,2.63779578459976,4.255391104797705,-1.2263277122776015,-1.0425207565925914,-6.467191401120255,-2.2053410124902686,0.7534382047781468,-4.544403298716637,2.145259386800986,0.31052447872296407,-4.056356267872706,3.9118102518383293,2.8925723576524636,-2.5861424888269533,-5.413172639550551
a214bf133aea27b473b0b753a214180e,ransomware,-1.9040504722577947,3.8456909225915084,-1.5568839195099657,-0.8199675603128772,-0.7889695643344716,1.256710688917019,2.352345620217378,-1.1242420832203224,3.0012434631120883,1.0119599548957525,2.835671733059028,-2.198720770804006,1.3487495497845887,-0.8605023951454744,2.9245314540921834,2.4006351152072267,6.649258998091048,-5.7517230666854,-3.375868439302703,3.987358836740391,-0.23486734726191036,0.6085540589203848,-2.519555093465156,-3.9784757900179404,1.753993545961906,-3.7524211335028195,-2.9427972492170156,-1.2626822377465214,-2.3640713416431587,8.018105048262822,2.5392440846073403,2.812307622326478
372c9c81d90df92ee672f31a587a47ca,ransomware,5.885443526252064,-0.611506781241071,-0.6908146339943984,-0.2742025850487132,-0.21741157173668427,-0.8589475949736249,1.3734645972850472,2.1079137578967404,2.0891915648941644,-0.8478019656890781,-3.3409874772640222,2.3740990007612295,2.690479844830406,-4.638948668009832,1.8920796678649334,-2.341019490304441,3.1635322212532135,-1.852983880809017,0.988880724840342,0.8838423907557725,4.251963930970337,-0.9551596531749746,-5.649782585127607,-1.6301483596694113,-2.0515560856433197,-3.5611541950301557,-0.5772111442014483,-4.1859236528970545,1.808765625620603,-3.2255791625039665,1.3180742830684646,-0.41274046793515784
a20716218cbb694ccf2753f5bdc298ab,ransomware,-1.9830521052458059,-2.9301760076651355,-1.3260390410101677,-0.20293010682445142,2.77642770420146,1.4683584993215972,-3.30322510331819,-0.18385053395036421,-0.24783167438608916,-3.686065225288352,1.2821268106875918,-0.9064376859352413,0.5651347432752192,3.6291166485321185,0.7807167760973039,1.3663789440616796,2.317327737940062,-2.9445989374135264,-4.627249852549274,0.8978276975687667,-0.1039709883667819,2.644890891140635,3.7806595125835734,-1.2921681751853171,0.2809651626727351,-8.841922546893823,-2.1117651647790434,-4.8704560956265,-6.543623541103274,-1.3225377834409424,2.1781442187858597,-0.6127575737682183
1fb7536b1ac954b948a4b9d91a564395,ransomware,-0.10618317198124433,1.4558757250631815,-2.3862373076714976,4.4899786936470125,-1.0499152465568709,-1.873424895866147,0.8290924885514832,-4.431528628087906,-3.1403788297927946,-2.022074763536296,3.9197760773444514,2.051228812269243,-0.7082908143640223,0.6242818578822623,-2.852921003921382,-4.518812699436197,-2.2357863613636346,-1.944107640861247,0.44164338332181596,-2.013113487129684,3.9080711226086913,-0.8155311205921829,8.504208314096012,1.2311007666564175,5.1017870446079465,1.2342443961203995,3.0091437868691684,-3.474259151216496,0.12158155546341054,-4.044469007156463,0.7224555696325325,0.19145147644519456
713b1b931d4cc8ec1daf2dbc017d41cd,ransomware,4.514847306005523,3.459603585773845,0.5994146139999237,2.5222325767254117,-4.012695364146634,3.701533061833315,0.7352571323336903,-1.0970471426207613,1.9103070410231344,-0.009149117268334388,1.868745703070639,-1.675447755799652,2.651140903964511,1.3197749828854313,1.7810775908309173,-4.866563703081863,-0.4229435907043798,2.9407877508872695,0.9283760124400219,-0.7901518865987017,0.6352410610998183,-0.683540158394252,0.49532934772468806,-2.647048146097071,2.6229277275399054,-5.263621427176678,-2.7348018833525867,1.7069357459602328,-2.4918358041681077,4.912996459248003,-1.5399153742850555,1.955576102966391
547879b5b71e54cd08233b12bd0ea0a3,ransomware,1.2167955381955782,2.07694188691973,-0.014312863496159872,-1.1785552268190846,-2.6948596003263727,-3.3267070823235785,3.7867691542038506,1.630869048082662,0.3321978220812655,1.286392239979113,-2.339824369557307,4.278864559680031,-0.3435027267114043,-3.579309563142005,-3.0977735740382895,-0.252411277509077,-1.697967532681689,1.3236918982386279,3.0735181186166645,0.5782310011683335,-5.068071310956891,-0.7599336054307668,5.162792270666504,1.0805513109259808,-1.8931345900457703,-3.2181419151252397,2.4666804387838495,0.8897137403230134,7.489056309658128,2.1538008824639245,0.4309180311793671,0.4482694526711667
845ccaad4b6bb8dcebcc5c6f0f858bd0,ransomware,-0.7335689350973325,-0.5276433645142078,5.062386426308086,0.40315198647846784,-1.6879753176430732,-2.377440533954731,-0.007785000971031519,0.37683978982020394,-1.6089935206104957,4.3090247225942795,-0.6770714473598939,-1.2672975332860945,0.38585214818616287,2.91811965912001,-1.9204783598203266,1.2409705943563814,-2.842076750313226,3.4402356398183884,-1.794531146928955,-4.316133438945839,1.0889371118648834,2.803220294876128,-2.0297737851959816,2.0107516642753605,2.3175116677439713,1.0578474994809495,-5.28709555943142,2.8659123056700797,2.543314936064018,6.642129677066385,1.9792611892128062,-1.8982159500062936
9c0fa468c5b0e1c35e4190d3d642ec0c,ransomware,1.6514304617072804,-1.4966908688350051,-0.9799484165459307,0.1765667127185291,-2.997779784198532,-2.4021761968976385,-4.314302167994686,0.08927584832258056,-0.7954648951185739,-1.0615715940989614,0.29597995462419113,-1.6897012873788884,2.1776099627688983,2.8883549475479504,-1.061858709164179,0.24244673758742297,-2.8983852445666405,0.8405287059604654,-4.49465143082168,2.1503200087146697,-3.8390693011478385,-0.6024338241208165,1.8173483689941903,-1.6071223974332205,-7.539515233927177,0.0774622548475784,-0.7106102956396056,1.03526621539581,0.3859513357216268,4.5702882557730256,-0.8726970868211887,0.5950155887665922
8c89e1b8cd650a9f7e6e630319fc6e37,ransomware,5.623131109417113,1.335140772981705,3.31964723125959,0.29979247124418573,-1.8914612239543123,-1.2686639670280384,-1.4899527953539908,-1.905494766703396,-0.8907276075957764,-3.0006365359616436,3.2961056139748637,-0.17432741192213358,1.8471363934096978,-2.860119393696398,-3.377234894012571,-5.107885018373917,0.300519049422883,-1.36756563935145,0.6794558699783648,0.5524796937554954,-2.876885807801357,-0.4292582231988189,-0.34666882317293957,-2.411444497790419,0.9757431379580068,-1.233895552945364,-3.755890992333682,-2.5312682127741173,-3.8142096938699437,-0.7241627600534246,-2.676281679409705,-1.13740563318404
105620f4b43ca946fae13b5be335275f,ransomware,-0.3082692954185226,-3.461750875247093,-1.1644547126888714,-0.7653877228292933,4.0302429506261666,0.9862832884953087,-1.6731082663792471,-3.1468976581000607,-0.40654487083029855,-4.2238597179761825,-1.7484126211506397,-2.728647198917214,-0.6991503332001034,2.869475550507352,1.777460956559139,3.9089136552027424,-1.529641303566581,7.209525730969752,2.4895544530518596,-1.3572072342836103,-0.08622803647320007,-4.876854250098845,1.179675224188029,-0.2181292436114779,-4.142877462307217,1.345139572107601,-1.7039413923258084,1.536319207510957,1.1816658890752167,-1.007202829278047,3.76906178981565,2.139668667438272
ea8607e4669777a6af9d441fa54862b9,ransomware,0.837072280998544,2.3782238887150062,-3.290380220348579,-1.9456823383183037,-0.7451191799900877,0.10894046294087306,2.518979666906224,4.508425075807144,1.115466928968474,-1.0564531442871123,-2.0624628083837155,0.804132484810772,1.301033240690875,-4.051985859054958,-0.1969673189205987,1.4379542070303062,-8.026623163500217,-5.135512565424142,0.22681532173207555,2.2255881475264543,-0.5853498656837852,4.2388371871160935,-3.1817244258739867,-0.9770240261364338,-1.2964861926756504,0.8076961626390592,3.518416151830775,4.466984945356241,1.6813090067620986,0.7797946161649603,-0.6460172503991988,2.9775214053331185
a3077ff65b8c6bd6e25d64a8e74e4e2c,ransomware,-0.22130153341375608,1.0423114778714033,-2.8948301188572017,3.6678817001911015,-2.1202911112229073,0.5443433315931808,0.33470831753622254,1.7243911632532072,1.2822535328288254,1.2070386558576973,-2.0299534040027365,0.7027281946268386,2.8976692218552618,-1.7792661740921363,-6.945530346338373,1.1779611565724162,-2.5468653316670724,2.377332388725164,-2.0195372586408813,0.44297218520247816,-2.2813035543612292,2.242486400600452,1.8288764403154865,2.5505500039109585,-0.27821910246034887,-0.8746079746001663,1.2735739088946054,-4.340617353249902,-0.33947574627557336,-2.9613525481826333,4.874718425417582,-3.444631995744543
66e75186af2e5a28fc77749a2f1d1fb7,ransomware,-0.8513824795138478,-2.170323689300261,0.18266057115085435,-1.3081509053308096,1.8852211281611249,-0.14802594880811715,3.1509238908709323,2.8205338169366625,-3.247950809134786,5.848132466225308,3.2629732906068387,-3.3823122635744705,2.3062022434214287,0.8462991858806913,3.7897439831707893,-3.0511406837485633,1.9776484239592684,-5.3247202614624225,1.215195102465452,2.0902063583858808,2.721653932528663,-1.7484597210351518,-0.5039322166921782,2.8755664387277746,0.7394355727090454,3.7520650370961226,-5.260851339228372,0.6165419250296621,-1.1301776215537245,2.700954945065492,0.04635580694165385,-0.43001136523856465
733d48533a4feffebc018c16795217a4,ransomware,-0.38459381284245825,-0.1912656166523909,1.0696167534018861,3.7676449673460133,-1.362982031467886,1.3401455036974177,1.8440807527148633,6.229689906227898,-4.18174202400336,-0.7482094950665302,3.2950165023907996,0.968459355970047,-0.6248482822170129,0.6247753177341924,1.908048110939847,3.8924266222684927,-2.4131228853294697,-3.513978514949922,2.332612404508782,6.149903731610914,0.009975381230070246,-2.049654905411874,3.319622648661585,-2.8955184673869194,0.8766189300403011,2.4405362371483434,-1.6088257960452836,-2.202406683719458,-1.0295995387100405,5.30217849600399,-3.0111753312334444,0.32386088903309473
47c6be6b9b2446cc6f6f9110497a72ab,ransomware,3.0686566756597933,4.578890664121987,0.8992862847653141,1.181753329776264,-0.6217056089279382,-6.621385597818674,-3.8917654288516013,4.942077831027503,1.2398206118735817,-1.9193398128521106,-8.080672094123589,0.3025014327383344,0.8311711058865884,-3.869715508187152,1.9541614773080704,-1.9288440940049747,0.2898840321229397,-0.7007979415659105,-0.8470111649566361,-0.26384272945530474,-5.021117599918199,3.1098985987419767,0.7432535785038394,-1.30203342244202,3.529747412142298,1.6430308804688927,6.06785570172538,0.1596875663418863,1.2892963491781488,0.28208300437651423,-0.6251070530644713,3.118396825791396
ac4533385ecbf6b3657671fa170ee9ab,ransomware,-2.079267313856035,0.7180299848367715,3.061682611006993,-5.099754187597885,-1.6521549244426337,-4.421047631844445,2.2544020487334544,-2.629750808855456,-0.8071591582586453,6.231990087823431,5.883941309867175,1.6688942077412137,-1.3174321236580406,-1.89478668824238,3.581266700357182,3.5495207657443584,-3.9572580346390254,0.41418045542743237,-1.2760737984072534,5.99978305303564,4.0953788123495185,8.311012701990261,-2.1478489419805307,-1.779783337022117,-5.493905958557179,2.0531182438776647,0.30542526332105324,1.9014645586139842,2.6986074702342795,3.889049491876488,-3.241858698107773,-4.7071274602857045
132302c0b4c1c92080f599359ee5fc19,ransomware,-3.724547231599476,-2.615261052145384,2.1723400003013795,4.724748514852108,0.7280685364116988,-3.10333443280496,0.8523733635080788,2.0882225098752083,0.45417939098988463,1.0486164059418084,0.06806725659919399,0.9001237346857445,-1.7707643926138317,-0.31852203560408354,3.665072069346001,-5.091426892434873,-0.37400023922302006,1.3858457838044476,3.085412383888969,0.6307879989300705,1.204075699711077,-2.570866020926564,-1.418295783455846,1.9766324609832546,3.8338834839153906,5.632229876850014,-0.568255418983945,-0.11754470297809827,-0.8027270748332576,5.5255918583697134,-0.08123073741705261,-4.61255071987243
d624ec49239a040dfe6c04f58a040381,ransomware,-3.795323703675579,5.168199331818688,3.8485086872135352,5.99207620511002,2.132108103591926,-2.549798560972688,-3.6717926845386453,-1.719794853840336,-2.3846650588713127,6.511286169720864,-2.4773462010650134,-1.6290464612431255,0.40907027655971495,1.0501942753340199,-2.85224527351078,-6.424739446421199,4.626692844369814,-4.553563054666177,0.599538886616992,-1.1624679622408325,1.3323826982639755,3.6869909304053072,-0.9235833650782614,1.499526995688675,-0.8957755294454257,4.4325872768665615,-5.22111423271176,0.9805597284392974,-4.212778566357135,2.2688209447742373,-3.5257531178479145,-1.160669731700417
562a69a397eedd4ee1b4180ae8a43d6d,ransomware,1.5532823842259218,-1.6433768086758627,-3.807584483912119,-1.2358282383022807,2.6902479689937207,-4.2174217936871425,2.5051217049908714,0.06364242620055394,-4.0952645946371025,-0.45196332455725513,-3.4828985024276866,-5.617443124912878,-0.8669101011767035,-3.9677361917189797,-0.008697140534998149,-2.262356171844726,-2.293799776343302,-4.301365863656802,0.8370813446222451,-1.4089186492627321,2.220324271905965,3.745829087516899,0.9269906720189747,-0.09172636225801883,5.86074416356228,3.550785468463088,3.349184692091049,4.7419516894368074,4.408067246074415,0.8384697660402372,-5.976282272645359,-3.778872386460929
e840154967b6f2bde5423939a3f21249,ransomware,0.5589775655593555,0.663320566395148,1.2312946930421715,3.2073415468065147,-0.175336253350105,-0.42270721343570505,-4.377855303259364,1.0098536224375683,1.5690031621481437,1.27864442912571,3.844909404930257,0.8592524680071743,-2.4623887181316864,3.250268730735146,-2.2991996009567055,2.7744164531122566,-1.5596943587214704,-2.7095467304651364,2.6485428944898626,1.4736268122738323,-1.3849968786958726,2.925792816415291,-1.1352318910421904,-4.3264085651213975,3.3334687881340215,-0.13082375345009456,-1.255721226172275,1.88039329127795,-4.196015874676658,0.49520297334307983,0.5369928270424834,1.3450896401871848
aa083b0cea3f8e2c7808fe8fc06c8be7,ransomware,0.20119028643527348,0.07392139179798357,-1.1351648156133922,3.3595400961821817,-3.2015627527651005,1.2893854697779896,-2.518707658914342,-0.6763237060258372,2.2004515056256215,3.987433046131055,-2.075059005633735,-0.18539060794592896,-0.8850768744615822,5.73846621175529,-0.985742226985611,0.388027316071783,0.020763134247004614,2.4062392666852745,1.7158896687552392,1.8627980006949165,4.604710678632799,-1.6628391089491654,-6.840747083370719,-0.6952480712564503,6.9369852382914,-0.4209819479756226,2.5691573035326356,2.212962892535601,1.164997077688225,-0.680010417257704,0.808342724585046,-2.111403028884042
bd181cd3c921f14d04692a7a5144f012,ransomware,-1.7100274169512366,2.811246135540233,-1.7152855452805376,-5.049861328029864,-1.1390793543117201,2.1933203509886248,-5.084987150412094,0.6267439989494765,3.070300851082511,1.309793341603279,-1.813453634161977,-1.9455380501248334,0.8137167364412987,-4.510500796448639,-2.010419714383196,1.5494108134548101,-4.0170829632874865,0.5461374759635971,-3.297966801918648,-1.931433684209344,-3.7839231880949606,-3.535117803661675,0.9766145259702208,2.3716503990774846,-2.3122237097821188,-1.6981666888074838,-5.808628219361746,0.5389895992049453,4.985326937366684,-0.31125487496463244,1.5853555342316143,-2.092105535007899
7e2de34c6ca0e835e7ca8ed034802fd2,ransomware,0.09019677885553351,0.200754421186002,1.3031859751198724,2.597844583193659,-4.241736209909649,1.209586201344266,-0.5281729550682606,1.5465145287103574,-4.9054079376215896,3.2165610721703657,-2.8971415204961337,0.10638631722764463,3.0287358263162556,-5.903672436532105,4.016267646342884,0.5121350684499164,0.2968208144319804,-0.8339727055320811,-3.621575900565232,-3.179065711766052,-2.969426595959571,0.11996650036978435,-5.396928684964298,-0.5926338673600092,4.111777784593578,2.576088019693443,-3.3715713287781255,0.6072041768221962,3.52490042051412,1.5003162882182275,1.179958444964868,-0.21835717521389109
3081094199689575626ed14487c98e88,ransomware,0.45268416147949453,3.850109720530307,-0.560034580191488,-1.7727020194899272,-2.6503252224215577,3.347788354984852,1.3142490418938682,1.024694073786987,-0.287398473360413,-0.6809011806976516,0.46828019525243947,2.36335891914006,-2.00394333343861,-5.2503748392131575,3.483429131475155,4.013892043702616,-3.1797382246957295,1.0091670976218758,0.3013128238682735,-0.34602422668311184,0.928319615175576,1.3587681072453792,-6.1731367401930655,-0.2667136382696576,4.77709955665965,0.545757037517414,0.29422617817566166,-1.2895008508424697,0.44930886243457346,-2.2960791947832107,0.14590540518652229,2.5164766304819084
c8fa206ec971bd1486f3b00dac1f4aa6,ransomware,0.3659755664945874,-1.243434417505515,-3.65926914441635,-0.8985667620200379,3.3497784063990546,-1.029546926779764,1.4092096879740466,1.9015633373405372,-6.454777041757675,-1.6177414158522787,4.443788358752789,0.19524196397910437,3.1950754829131545,-2.823389389120614,-1.2786328733116377,0.007446397953960016,-2.882006469097956,0.22988059236114472,4.247993712062754,2.404546525273293,-2.089192790460504,-2.376126992849026,-0.8524747313555843,-1.9342289138632087,-0.08704462152751136,0.4300383445309276,-2.680094573324935,5.297234919241234,-1.1582550481316745,2.4659674846962325,0.6438710605191406,-1.771828742191235
25344b935276a750b2444b816dfbf142,ransomware,-2.007901013979608,3.4072930467678013,0.16734953660837862,-1.8283828964003035,0.3701909687605709,-3.373268142852576,2.72867576704037,-0.9848300666624313,5.455954992439905,4.315019375204391,-0.6957783485210327,0.9981722382163265,2.6221373647460027,0.8303996306412621,-1.5267405015429691,2.3124812285980854,-0.296052933782648,-0.2736048326336132,-1.8579537304745568,3.5472508996163263,3.870117364972397,-2.465658372459258,-0.5463570310781686,-0.9776307026843946,2.964799323073473,2.3361149540878414,0.13255744779525205,-5.593272274425048,-0.9941222194979626,2.2992934301998487,-7.161568848089858,-1.7884260454278955
6bcb18c2b59e85814b05730208d747c6,ransomware,-0.05206529266748344,5.972961377646182,-0.9131268326915528,-0.593626743171803,3.220910775324004,0.9921291589836337,-1.554940973033806,1.425776174598759,-2.530130535385729,-0.49380684380530515,-0.05265553220199909,-1.1086131068650826,3.496763259586734,0.6021477982768075,3.033483051768237,-0.36010305793103753,0.0021239506268549285,-0.15704303747904852,-1.1114263868732102,-1.2846129661541081,-0.2612655864463381,2.0507377361962575,3.1689599706880407,2.034733920479275,4.25034606601117,-0.6399561584943432,-2.5653360087203523,-0.6906569143206569,3.550283505053947,4.683330377085178,-4.150398574124074,2.731569328079054
a81e5e708f2d6d00c66ffda810d030c5,ransomware,7.9201298591992115,1.7701630832001036,-4.402364294559178,3.311115087929503,-1.990410474228638,-1.1443754985101005,1.602769809847472,-2.57923455021872,-3.9691523617309654,-4.14463600700387,-1.5080326344388353,1.5079094811814895,-0.036681625647301375,-0.3941169496510414,0.9681626088226567,-1.2270842083350173,5.152160798298686,-1.1417201012507388,4.233009397433083,2.2513836378133263,-3.8206774948579483,-3.365418589065796,2.7368004257023095,1.7197887704255885,1.3322398971251224,-1.3448890615228608,1.8009360926290747,-4.5793828696836405,0.8495974873057426,1.4525833540127806,5.141126435735387,-0.4014046996698437
2adc11e643d94357713189e6e6cfb6cb,ransomware,-1.5954441497313077,-0.5168868429734401,-1.377370246240351,0.806563682215615,-3.097900336974177,-0.5643903165532734,-3.882891348809863,5.033280164459562,-1.976863018966528,-0.21684994327016144,1.6311265350574298,-2.4834036507200032,3.0643885454001945,-2.6244192353705618,-4.990619205494204,-0.2788988204559477,-2.4399761714835817,-0.7617273342615511,-1.8465036695375552,2.9945711146079135,-3.6531816801301202,1.7559782677200213,3.8036196796516744,1.2177037018679053,0.7522238161602338,-4.193227842505837,6.189356493256269,-6.053729928964055,4.3394891596116505,7.560343106066559,-1.1002973415908441,-1.449873023797009
d9de7c589c115d21b5dfbe7b36b3d75a,ransomware,-4.386905447172321,-0.4251437022570616,3.0969162510748927,0.529005780778129,-0.7975470932636738,2.8594187281666184,0.9889710826455707,-1.7453363749334105,-4.293914217798608,0.8822581743757907,3.0232368287398677,-2.4173717345494943,1.1512493956470347,1.3056983124714843,-1.5800459893534229,0.340668853752328,6.8424878614246145,-1.0644896790369613,0.32063002530704243,-2.8431552941822527,-4.809789055370807,-0.6649672126792205,-1.6415417966033967,1.1906387383830186,4.572256599821988,4.219422734834411,3.419621811826323,1.9095670233651796,2.839956023143399,-4.337455878311683,2.921144168022585,0.7411845869970843
9409d5e4f58ac9c66c4ee4b270d64cfb,ransomware,3.3888497745299966,-1.9403132194608155,-0.701373241794659,-2.1996468425799547,-0.30372775966241156,0.6901301894284205,-3.342038418226879,-2.727328717374034,-2.906408949888964,-2.3679623870573194,1.4282956332423162,-4.399731284686113,1.8219421596066643,-0.5077360764284838,-1.4417159707351948,5.281289738107694,6.051847372397764,0.8013980595745633,0.7104493109933637,3.460441273723063,-0.9265176555670828,1.3337493226570627,0.12216487648573993,-6.920881680431879,2.4509971718132695,-2.346963551435371,1.9814181884313165,-0.8536912854329539,7.340654235274823,5.782711341710297,-1.0008475828543226,-1.2196201834063691
b8aded4315b6717c659bc8255458e8ca,ransomware,0.3216864594000318,1.687535772176703,-7.185416422493159,-1.4058076918320987,-1.4872663025038175,2.349900823471764,1.0587445668957562,-2.860681927442966,0.16263326277919254,-1.2108388689825376,-1.5251516404019374,1.1634699065654641,3.099905696870504,1.2786849497855521,1.2917646916500034,-2.0990711641972393,-3.938226100777099,0.16511573550957043,-1.8331912164395734,0.6436202447155566,-1.3021929496235263,-0.705817870399673,-2.0848942612405104,3.118216574062211,1.7234582116487307,1.5394542620041445,3.286635025313614,1.9896530340348164,-2.7777814097276723,4.540479300727103,5.1619080195548435,6.097928762219067
9f7f1cc46006a5ec302c9c65e3009f31,ransomware,-1.2776000188574252,0.7420589527298567,-2.699033947684515,3.2871126204354466,4.420133194397582,1.7966753536632907,3.849092007179883,1.4015831575567106,-0.22256643565262416,-2.1144483800326386,-3.163919068887024,-2.4895896317673856,1.3848209198602432,-2.9675967409246606,-7.11866824672841,3.3683923512097684,5.727228974495463,-1.0034118577128566,5.579257529641397,0.7080200749479134,-4.624442387478485,0.20617912579729164,-5.283248841272792,-4.78524628500312,1.3655878035587006,1.1433046155331148,-2.7021606920762093,-1.9497848713086245,-2.45194352566756,0.8482478674544409,-5.192170405439831,-3.051567521428243
8adbd5fe6a935d74844988a644670b44,ransomware,3.3436143400122984,-2.680955692774332,-3.03034330612389,-0.09864954123689718,-3.420090217815633,3.2439455949922413,-0.8552398107463708,-1.5368773124773885,-4.540334978835968,-0.18517066157244721,-0.5144493335053945,-2.6120898603104648,-1.2409515478688715,-0.9022776082276258,5.709975991620368,-2.14818721730975,0.13217266722455323,-3.7782291368506598,2.4953729306725903,-5.45765721701643,3.0282940202080266,-0.11293247936855555,0.2716147705622507,-4.177071533493408,0.3380819495931704,0.07948891917767714,1.2402598942322698,0.8785886984408499,0.24963389528023688,2.888378854170223,-1.0661213839702866,1.3236818138950985
bdf19e5b806bf9236b9756ea99c78aff,ransomware,0.3520186678824117,-0.47484820850338455,3.2894699651736565,-2.1532517672292277,-1.5484900298453286,1.4376781750967225,3.812974566274169,2.586805712100282,0.2973035680332428,-2.129194090545656,-5.165177649591336,0.5721655819171874,0.8767208098171975,-2.5823359829018937,0.1518734413268804,2.249557552426484,1.4215563546371643,-1.8161807692959047,3.4990103099063474,-2.002953251303194,5.0296686307151335,2.202123101968017,3.2623474884417427,-1.0097094975964345,2.964561787719218,1.445058465658744,4.587837207055338,-1.5163147705430835,3.932766442463699,3.645234508901539,1.5670312170158434,-1.7741599500003313
a1bfd43c1e5e56350a1ec94cdffbfa06,ransomware,-0.1376227790213102,1.0725642146096264,-1.125364273318567,-1.643809237912082,-3.241792074481614,-4.93898772288806,2.3593685216869393,0.29941887002906553,1.7583836899601486,0.48380124729234025,2.9901732009820945,0.33744355629390965,-0.29049611693771676,1.0080567941596927,-6.360990222388265,4.1117484997577245,-1.790054646984923,2.5084158796091924,-0.9628166239814089,3.9419523286126195,-0.16331752003317804,0.1160181987040032,-3.7957924669363905,-0.529140450225945,3.862977177707503,0.89751005604738,2.9345777591277398,-3.6524934149029913,-2.811943524445242,3.0806814548066956,-1.5959066915923654,3.3289610281282904
ae2f2234d4de14f8124da66c786380af,ransomware,1.5032291710726278,-2.024974925447626,0.41512843027524204,0.06511027902793273,5.55900655015595,2.7707376443667564,-0.11983495293632729,0.9490369585257654,-1.117067217931233,-0.7370165615754938,3.459732356969881,0.9172466401221886,3.014490889961197,-1.086904337603918,-5.782505617581615,2.0648933524492152,-3.4659916713291015,3.963693347178699,-1.1388394870976444,-0.8143351583738713,2.039562649729586,3.617157404151664,1.2100846204884492,0.07128053168632165,-0.682347209319996,-2.1100738074461125,-3.351577484106876,-2.0951646519945095,2.5535617815859686,1.7899373537188,1.5824858748906585,-3.1969840132793905
de83a98505dbcbc72f59ec59e1c2bd35,ransomware,0.2445157114163512,1.6637092853839104,1.4199079518610982,-0.5731133392128789,4.247120752928946,5.7273643599705775,-1.4393711611354678,2.650307856161351,2.7033832561125632,2.656147606309196,-2.34358919530291,6.829382385107154,-3.010434540736529,-2.5442827181161043,-6.4415601097952475,-7.049348644172559,-2.0493383903588294,-0.3104274497907252,4.1705542229050065,-3.968767782284154,0.781160694708237,-2.4010945012357245,-1.389716098360807,-1.3957435065327002,-0.2592661810426167,1.5176972018633184,-2.6101721132909965,1.1799084443523191,0.2863318269062765,3.400936003867862,-1.6811347441890498,0.7338912781005424
3300f08d46a767dd81b7d4287e4ec2c5,ransomware,-0.6759300653598348,-1.498344436392838,-1.6150214139130847,4.831701516664358,-5.050991167481422,-3.0072605850401093,2.4283856603902474,-0.6727481564540342,2.929788649450251,-1.2607383725814876,2.138949192921003,-0.9444526448848122,0.6230646564049338,-1.2780553267185253,5.290089182858209,-4.821258382358967,-0.21840781341096005,1.621864688929944,-0.7957483412012838,-1.5916308479630434,3.2317627791775174,-0.6601756913778523,-0.25058643612577824,-5.088770555094659,3.933482053374415,3.7444240836193394,-2.669159697890985,0.47127833168341937,-0.9369177407975335,5.280657027260271,-0.12954226269695635,3.240377202907033
11f31379479dcbeac20e40039438406d,ransomware,-1.3391837527819257,3.18987906855463,0.2440407001137779,-1.1562170076862806,-1.9139963683312051,4.688528156690176,-0.48085488764284806,-2.0101418563637288,-2.551050888244609,-0.523472525659476,1.0297797344512603,-0.4742313335952306,4.234770995968678,-4.90003716682776,-0.8244816603001681,2.357770074120487,0.09733284062827637,1.0405679554463763,5.123547068861825,0.9819325159274646,0.15448647342472677,-0.35776239583358227,-6.181315348271575,-5.510383978290595,0.7793670736009002,-1.6009810351306932,-3.502077182598912,-3.461393760718976,1.94309009854649,2.825273243873924,3.0256474613969297,-3.086037089260781
